-- phpMyAdmin SQL Dump
-- version 5.2.0
-- https://www.phpmyadmin.net/
--
-- Host: 127.0.0.1
-- Generation Time: Oct 27, 2022 at 05:18 AM
-- Server version: 10.4.24-MariaDB
-- PHP Version: 8.1.6

SET SQL_MODE = "NO_AUTO_VALUE_ON_ZERO";
START TRANSACTION;
SET time_zone = "+00:00";


/*!40101 SET @OLD_CHARACTER_SET_CLIENT=@@CHARACTER_SET_CLIENT */;
/*!40101 SET @OLD_CHARACTER_SET_RESULTS=@@CHARACTER_SET_RESULTS */;
/*!40101 SET @OLD_COLLATION_CONNECTION=@@COLLATION_CONNECTION */;
/*!40101 SET NAMES utf8mb4 */;

--
-- Database: `repair_db_app`
--

-- --------------------------------------------------------

--
-- Table structure for table `account`
--

CREATE TABLE `account` (
  `Id` int(11) NOT NULL,
  `username` varchar(100) NOT NULL,
  `password` varchar(100) NOT NULL,
  `fullname` varchar(255) NOT NULL,
  `mobile` varchar(10) NOT NULL,
  `email` varchar(100) NOT NULL,
  `created_at` timestamp NOT NULL DEFAULT current_timestamp() ON UPDATE current_timestamp(),
  `status` int(2) NOT NULL,
  `roleId` int(2) NOT NULL
) ENGINE=InnoDB DEFAULT CHARSET=utf8;

--
-- Dumping data for table `account`
--

INSERT INTO `account` (`Id`, `username`, `password`, `fullname`, `mobile`, `email`, `created_at`, `status`, `roleId`) VALUES
(60, 'patcharaphat.pit123', 'e10adc3949ba59abbe56e057f20f883e', 'พชรภัทร พิทักษ์พูลศิลป์ (ต้น) 123', '0948677700', 'patcharaphat.pit@sbac.ac.th', '2022-10-21 23:37:07', 1, 1),
(66, 'pui16879', 'e10adc3949ba59abbe56e057f20f883e', 'อริญดา พิทักษ์พูลศิลป์', '0863555795', 'Arinrada.pui@gmail.com', '2022-10-26 01:45:15', 1, 2),
(67, 'Tawat', 'e10adc3949ba59abbe56e057f20f883e', 'ธวัช พิทักษ์พูลศิลป์', '0863799015', 'Tawat@sbac.ac.th', '2022-10-22 00:36:09', -2, 3),
(68, 'patcharaphat.pit', '$2y$10$g2wC15BTSwYhGA7tPFu/ueVpSvaDedpC4aMuoca1oQmluTolEMB7G', 'test', '0865245454', 'test@gmail.com', '2022-10-21 17:52:22', 1, 1),
(69, 'patcharaphat.pit', '$2y$10$6d9s8n35g5T8Emd3RK9epOv1mF9CYB0YFl2YyxkT6FVGJAlANNkVG', 'test', '0902725819', 'sssTawat@sbac.ac.thd', '2022-10-22 00:36:19', -2, 3),
(70, 'patcharaphat.pit', '$2y$10$orsINH/kSN9.3jkfVUO97.GDfLYgBh4O100YrRlElzw.2arfPIw8.', 'เจ้าของห้อง', '0902725819', 'owner@gmail.com', '2022-10-22 00:36:38', -2, 3),
(71, 'patcharaphat.pit', '$2y$10$uf0ZMFotEuasRHS7o21mTeQZoYZcB2wJTb8wPZ7B6Nom3GINFJL3S', 'test2', '0948677700', 'patana.pit@sbac.ac.th', '2022-10-22 00:36:50', -2, 3);

-- --------------------------------------------------------

--
-- Table structure for table `brand`
--

CREATE TABLE `brand` (
  `Id` int(11) NOT NULL,
  `title` varchar(50) NOT NULL
) ENGINE=InnoDB DEFAULT CHARSET=utf8;

--
-- Dumping data for table `brand`
--

INSERT INTO `brand` (`Id`, `title`) VALUES
(2, 'Acer');

-- --------------------------------------------------------

--
-- Table structure for table `category`
--

CREATE TABLE `category` (
  `Id` int(11) NOT NULL,
  `title` varchar(50) NOT NULL
) ENGINE=InnoDB DEFAULT CHARSET=utf8;

--
-- Dumping data for table `category`
--

INSERT INTO `category` (`Id`, `title`) VALUES
(20, 'คอมพิวเตอร์');

-- --------------------------------------------------------

--
-- Table structure for table `class_room_owner`
--

CREATE TABLE `class_room_owner` (
  `Id` int(11) NOT NULL,
  `account_Id` int(2) NOT NULL,
  `department_Id` int(2) NOT NULL,
  `room_Id` int(2) NOT NULL
) ENGINE=InnoDB DEFAULT CHARSET=utf8;

--
-- Dumping data for table `class_room_owner`
--

INSERT INTO `class_room_owner` (`Id`, `account_Id`, `department_Id`, `room_Id`) VALUES
(20, 69, 6, 1),
(21, 67, 2, 0),
(22, 69, 7, 0),
(23, 70, 14, 0),
(24, 71, 15, 0);

-- --------------------------------------------------------

--
-- Table structure for table `computer`
--

CREATE TABLE `computer` (
  `Id` int(11) NOT NULL,
  `code_name` varchar(20) NOT NULL,
  `room_Id` int(11) NOT NULL,
  `inventory_Id` int(11) NOT NULL,
  `main_com_Id` int(11) NOT NULL
) ENGINE=InnoDB DEFAULT CHARSET=utf8;

-- --------------------------------------------------------

--
-- Table structure for table `department`
--

CREATE TABLE `department` (
  `Id` int(11) NOT NULL,
  `title` varchar(50) NOT NULL
) ENGINE=InnoDB DEFAULT CHARSET=utf8;

--
-- Dumping data for table `department`
--

INSERT INTO `department` (`Id`, `title`) VALUES
(2, 'การบัญชี'),
(3, 'บริหารธุระกิจ');

-- --------------------------------------------------------

--
-- Table structure for table `inventory`
--

CREATE TABLE `inventory` (
  `Id` int(11) NOT NULL,
  `serial` varchar(50) NOT NULL,
  `name` varchar(255) NOT NULL,
  `brand_Id` int(2) NOT NULL,
  `category_Id` int(2) NOT NULL,
  `type_Id` int(2) NOT NULL,
  `unit_Id` int(2) NOT NULL
) ENGINE=InnoDB DEFAULT CHARSET=utf8;

--
-- Dumping data for table `inventory`
--

INSERT INTO `inventory` (`Id`, `serial`, `name`, `brand_Id`, `category_Id`, `type_Id`, `unit_Id`) VALUES
(4193, '2547-0000-example-0001', 'example', 2, 20, 5, 4),
(4194, '2547-0000-example-0002', 'example', 2, 20, 5, 4),
(4195, '2547-0000-example-0003', 'example', 2, 20, 5, 4),
(4196, '2547-0000-example-0004', 'example', 2, 20, 5, 4),
(4197, '2547-0000-example-0005', 'example', 2, 20, 5, 4),
(4198, '2547-0000-example-0006', 'example', 2, 20, 5, 4),
(4199, '2547-0000-example-0007', 'example', 2, 20, 5, 4),
(4200, '2547-0000-example-0008', 'example', 2, 20, 5, 4),
(4201, '2547-0000-example-0009', 'example', 2, 20, 5, 4),
(4202, '2547-0000-example-0010', 'example', 2, 20, 5, 4),
(4203, '2547-0000-example-0011', 'example', 2, 20, 5, 4),
(4204, '2547-0000-example-0012', 'example', 2, 20, 5, 4),
(4205, '2547-0000-example-0013', 'example', 2, 20, 5, 4),
(4206, '2547-0000-example-0014', 'example', 2, 20, 5, 4),
(4207, '2547-0000-example-0015', 'example', 2, 20, 5, 4),
(4208, '2547-0000-example-0016', 'example', 2, 20, 5, 4),
(4209, '2547-0000-example-0017', 'example', 2, 20, 5, 4),
(4210, '2547-0000-example-0018', 'example', 2, 20, 5, 4),
(4211, '2547-0000-example-0019', 'example', 2, 20, 5, 4),
(4212, '2547-0000-example-0020', 'example', 2, 20, 5, 4),
(4213, '2547-0000-example-0021', 'example', 2, 20, 5, 4),
(4214, '2547-0000-example-0022', 'example', 2, 20, 5, 4),
(4215, '2547-0000-example-0023', 'example', 2, 20, 5, 4),
(4216, '2547-0000-example-0024', 'example', 2, 20, 5, 4),
(4217, '2547-0000-example-0025', 'example', 2, 20, 5, 4),
(4218, '2547-0000-example-0026', 'example', 2, 20, 5, 4),
(4219, '2547-0000-example-0027', 'example', 2, 20, 5, 4),
(4220, '2547-0000-example-0028', 'example', 2, 20, 5, 4),
(4221, '2547-0000-example-0029', 'example', 2, 20, 5, 4),
(4222, '2547-0000-example-0030', 'example', 2, 20, 5, 4),
(4223, '2547-0000-example-0031', 'example', 2, 20, 5, 4),
(4224, '2547-0000-example-0032', 'example', 2, 20, 5, 4),
(4225, '2547-0000-example-0033', 'example', 2, 20, 5, 4),
(4226, '2547-0000-example-0034', 'example', 2, 20, 5, 4),
(4227, '2547-0000-example-0035', 'example', 2, 20, 5, 4),
(4228, '2547-0000-example-0036', 'example', 2, 20, 5, 4),
(4229, '2547-0000-example-0037', 'example', 2, 20, 5, 4),
(4230, '2547-0000-example-0038', 'example', 2, 20, 5, 4),
(4231, '2547-0000-example-0039', 'example', 2, 20, 5, 4),
(4232, '2547-0000-example-0040', 'example', 2, 20, 5, 4),
(4233, '2547-0000-example-0041', 'example', 2, 20, 5, 4),
(4234, '2547-0000-example-0042', 'example', 2, 20, 5, 4),
(4235, '2547-0000-example-0043', 'example', 2, 20, 5, 4),
(4236, '2547-0000-example-0044', 'example', 2, 20, 5, 4),
(4237, '2547-0000-example-0045', 'example', 2, 20, 5, 4),
(4238, '2547-0000-example-0046', 'example', 2, 20, 5, 4),
(4239, '2547-0000-example-0047', 'example', 2, 20, 5, 4),
(4240, '2547-0000-example-0048', 'example', 2, 20, 5, 4),
(4241, '2547-0000-example-0049', 'example', 2, 20, 5, 4),
(4242, '2547-0000-example-0050', 'example', 2, 20, 5, 4),
(4243, '2547-0000-example-0051', 'example', 2, 20, 5, 4),
(4244, '2547-0000-example-0052', 'example', 2, 20, 5, 4),
(4245, '2547-0000-example-0053', 'example', 2, 20, 5, 4),
(4246, '2547-0000-example-0054', 'example', 2, 20, 5, 4),
(4247, '2547-0000-example-0055', 'example', 2, 20, 5, 4),
(4248, '2547-0000-example-0056', 'example', 2, 20, 5, 4),
(4249, '2547-0000-example-0057', 'example', 2, 20, 5, 4),
(4250, '2547-0000-example-0058', 'example', 2, 20, 5, 4),
(4251, '2547-0000-example-0059', 'example', 2, 20, 5, 4),
(4252, '2547-0000-example-0060', 'example', 2, 20, 5, 4),
(4253, '2547-0000-example-0061', 'example', 2, 20, 5, 4),
(4254, '2547-0000-example-0062', 'example', 2, 20, 5, 4),
(4255, '2547-0000-example-0063', 'example', 2, 20, 5, 4),
(4256, '2547-0000-example-0064', 'example', 2, 20, 5, 4),
(4257, '2547-0000-example-0065', 'example', 2, 20, 5, 4),
(4258, '2547-0000-example-0066', 'example', 2, 20, 5, 4),
(4259, '2547-0000-example-0067', 'example', 2, 20, 5, 4),
(4260, '2547-0000-example-0068', 'example', 2, 20, 5, 4),
(4261, '2547-0000-example-0069', 'example', 2, 20, 5, 4),
(4262, '2547-0000-example-0070', 'example', 2, 20, 5, 4),
(4263, '2547-0000-example-0071', 'example', 2, 20, 5, 4),
(4264, '2547-0000-example-0072', 'example', 2, 20, 5, 4),
(4265, '2547-0000-example-0073', 'example', 2, 20, 5, 4),
(4266, '2547-0000-example-0074', 'example', 2, 20, 5, 4),
(4267, '2547-0000-example-0075', 'example', 2, 20, 5, 4),
(4268, '2547-0000-example-0076', 'example', 2, 20, 5, 4),
(4269, '2547-0000-example-0077', 'example', 2, 20, 5, 4),
(4270, '2547-0000-example-0078', 'example', 2, 20, 5, 4),
(4271, '2547-0000-example-0079', 'example', 2, 20, 5, 4),
(4272, '2547-0000-example-0080', 'example', 2, 20, 5, 4),
(4273, '2547-0000-example-0081', 'example', 2, 20, 5, 4),
(4274, '2547-0000-example-0082', 'example', 2, 20, 5, 4),
(4275, '2547-0000-example-0083', 'example', 2, 20, 5, 4),
(4276, '2547-0000-example-0084', 'example', 2, 20, 5, 4),
(4277, '2547-0000-example-0085', 'example', 2, 20, 5, 4),
(4278, '2547-0000-example-0086', 'example', 2, 20, 5, 4),
(4279, '2547-0000-example-0087', 'example', 2, 20, 5, 4),
(4280, '2547-0000-example-0088', 'example', 2, 20, 5, 4),
(4281, '2547-0000-example-0089', 'example', 2, 20, 5, 4),
(4282, '2547-0000-example-0090', 'example', 2, 20, 5, 4),
(4283, '2547-0000-example-0091', 'example', 2, 20, 5, 4),
(4284, '2547-0000-example-0092', 'example', 2, 20, 5, 4),
(4285, '2547-0000-example-0093', 'example', 2, 20, 5, 4),
(4286, '2547-0000-example-0094', 'example', 2, 20, 5, 4),
(4287, '2547-0000-example-0095', 'example', 2, 20, 5, 4),
(4288, '2547-0000-example-0096', 'example', 2, 20, 5, 4),
(4289, '2547-0000-example-0097', 'example', 2, 20, 5, 4),
(4290, '2547-0000-example-0098', 'example', 2, 20, 5, 4),
(4291, '2547-0000-example-0099', 'example', 2, 20, 5, 4),
(4292, '2547-0000-example-0100', 'example', 2, 20, 5, 4),
(4293, '2547-0000-example-0101', 'example', 2, 20, 5, 4),
(4294, '2547-0000-example-0102', 'example', 2, 20, 5, 4),
(4295, '2547-0000-example-0103', 'example', 2, 20, 5, 4),
(4296, '2547-0000-example-0104', 'example', 2, 20, 5, 4),
(4297, '2547-0000-example-0105', 'example', 2, 20, 5, 4),
(4298, '2547-0000-example-0106', 'example', 2, 20, 5, 4),
(4299, '2547-0000-example-0107', 'example', 2, 20, 5, 4),
(4300, '2547-0000-example-0108', 'example', 2, 20, 5, 4),
(4301, '2547-0000-example-0109', 'example', 2, 20, 5, 4),
(4302, '2547-0000-example-0110', 'example', 2, 20, 5, 4),
(4303, '2547-0000-example-0111', 'example', 2, 20, 5, 4),
(4304, '2547-0000-example-0112', 'example', 2, 20, 5, 4),
(4305, '2547-0000-example-0113', 'example', 2, 20, 5, 4),
(4306, '2547-0000-example-0114', 'example', 2, 20, 5, 4),
(4307, '2547-0000-example-0115', 'example', 2, 20, 5, 4),
(4308, '2547-0000-example-0116', 'example', 2, 20, 5, 4),
(4309, '2547-0000-example-0117', 'example', 2, 20, 5, 4),
(4310, '2547-0000-example-0118', 'example', 2, 20, 5, 4),
(4311, '2547-0000-example-0119', 'example', 2, 20, 5, 4),
(4312, '2547-0000-example-0120', 'example', 2, 20, 5, 4),
(4313, '2547-0000-example-0121', 'example', 2, 20, 5, 4),
(4314, '2547-0000-example-0122', 'example', 2, 20, 5, 4),
(4315, '2547-0000-example-0123', 'example', 2, 20, 5, 4),
(4316, '2547-0000-example-0124', 'example', 2, 20, 5, 4),
(4317, '2547-0000-example-0125', 'example', 2, 20, 5, 4),
(4318, '2547-0000-example-0126', 'example', 2, 20, 5, 4),
(4319, '2547-0000-example-0127', 'example', 2, 20, 5, 4),
(4320, '2547-0000-example-0128', 'example', 2, 20, 5, 4),
(4321, '2547-0000-example-0129', 'example', 2, 20, 5, 4),
(4322, '2547-0000-example-0130', 'example', 2, 20, 5, 4),
(4323, '2547-0000-example-0131', 'example', 2, 20, 5, 4),
(4324, '2547-0000-example-0132', 'example', 2, 20, 5, 4),
(4325, '2547-0000-example-0133', 'example', 2, 20, 5, 4),
(4326, '2547-0000-example-0134', 'example', 2, 20, 5, 4),
(4327, '2547-0000-example-0135', 'example', 2, 20, 5, 4),
(4328, '2547-0000-example-0136', 'example', 2, 20, 5, 4),
(4329, '2547-0000-example-0137', 'example', 2, 20, 5, 4),
(4330, '2547-0000-example-0138', 'example', 2, 20, 5, 4),
(4331, '2547-0000-example-0139', 'example', 2, 20, 5, 4),
(4332, '2547-0000-example-0140', 'example', 2, 20, 5, 4),
(4333, '2547-0000-example-0141', 'example', 2, 20, 5, 4),
(4334, '2547-0000-example-0142', 'example', 2, 20, 5, 4),
(4335, '2547-0000-example-0143', 'example', 2, 20, 5, 4),
(4336, '2547-0000-example-0144', 'example', 2, 20, 5, 4),
(4337, '2547-0000-example-0145', 'example', 2, 20, 5, 4),
(4338, '2547-0000-example-0146', 'example', 2, 20, 5, 4),
(4339, '2547-0000-example-0147', 'example', 2, 20, 5, 4),
(4340, '2547-0000-example-0148', 'example', 2, 20, 5, 4),
(4341, '2547-0000-example-0149', 'example', 2, 20, 5, 4),
(4342, '2547-0000-example-0150', 'example', 2, 20, 5, 4),
(4343, '2547-0000-example-0151', 'example', 2, 20, 5, 4),
(4344, '2547-0000-example-0152', 'example', 2, 20, 5, 4),
(4345, '2547-0000-example-0153', 'example', 2, 20, 5, 4),
(4346, '2547-0000-example-0154', 'example', 2, 20, 5, 4),
(4347, '2547-0000-example-0155', 'example', 2, 20, 5, 4),
(4348, '2547-0000-example-0156', 'example', 2, 20, 5, 4),
(4349, '2547-0000-example-0157', 'example', 2, 20, 5, 4),
(4350, '2547-0000-example-0158', 'example', 2, 20, 5, 4),
(4351, '2547-0000-example-0159', 'example', 2, 20, 5, 4),
(4352, '2547-0000-example-0160', 'example', 2, 20, 5, 4),
(4353, '2547-0000-example-0161', 'example', 2, 20, 5, 4),
(4354, '2547-0000-example-0162', 'example', 2, 20, 5, 4),
(4355, '2547-0000-example-0163', 'example', 2, 20, 5, 4),
(4356, '2547-0000-example-0164', 'example', 2, 20, 5, 4),
(4357, '2547-0000-example-0165', 'example', 2, 20, 5, 4),
(4358, '2547-0000-example-0166', 'example', 2, 20, 5, 4),
(4359, '2547-0000-example-0167', 'example', 2, 20, 5, 4),
(4360, '2547-0000-example-0168', 'example', 2, 20, 5, 4),
(4361, '2547-0000-example-0169', 'example', 2, 20, 5, 4),
(4362, '2547-0000-example-0170', 'example', 2, 20, 5, 4),
(4363, '2547-0000-example-0171', 'example', 2, 20, 5, 4),
(4364, '2547-0000-example-0172', 'example', 2, 20, 5, 4),
(4365, '2547-0000-example-0173', 'example', 2, 20, 5, 4),
(4366, '2547-0000-example-0174', 'example', 2, 20, 5, 4),
(4367, '2547-0000-example-0175', 'example', 2, 20, 5, 4),
(4368, '2547-0000-example-0176', 'example', 2, 20, 5, 4),
(4369, '2547-0000-example-0177', 'example', 2, 20, 5, 4),
(4370, '2547-0000-example-0178', 'example', 2, 20, 5, 4),
(4371, '2547-0000-example-0179', 'example', 2, 20, 5, 4),
(4372, '2547-0000-example-0180', 'example', 2, 20, 5, 4),
(4373, '2547-0000-example-0181', 'example', 2, 20, 5, 4),
(4374, '2547-0000-example-0182', 'example', 2, 20, 5, 4),
(4375, '2547-0000-example-0183', 'example', 2, 20, 5, 4),
(4376, '2547-0000-example-0184', 'example', 2, 20, 5, 4),
(4377, '2547-0000-example-0185', 'example', 2, 20, 5, 4),
(4378, '2547-0000-example-0186', 'example', 2, 20, 5, 4),
(4379, '2547-0000-example-0187', 'example', 2, 20, 5, 4),
(4380, '2547-0000-example-0188', 'example', 2, 20, 5, 4),
(4381, '2547-0000-example-0189', 'example', 2, 20, 5, 4),
(4382, '2547-0000-example-0190', 'example', 2, 20, 5, 4),
(4383, '2547-0000-example-0191', 'example', 2, 20, 5, 4),
(4384, '2547-0000-example-0192', 'example', 2, 20, 5, 4),
(4385, '2547-0000-example-0193', 'example', 2, 20, 5, 4),
(4386, '2547-0000-example-0194', 'example', 2, 20, 5, 4),
(4387, '2547-0000-example-0195', 'example', 2, 20, 5, 4),
(4388, '2547-0000-example-0196', 'example', 2, 20, 5, 4),
(4389, '2547-0000-example-0197', 'example', 2, 20, 5, 4),
(4390, '2547-0000-example-0198', 'example', 2, 20, 5, 4),
(4391, '2547-0000-example-0199', 'example', 2, 20, 5, 4),
(4392, '2547-0000-example-0200', 'example', 2, 20, 5, 4),
(4393, '2547-0000-example-0201', 'example', 2, 20, 5, 4),
(4394, '2547-0000-example-0202', 'example', 2, 20, 5, 4),
(4395, '2547-0000-example-0203', 'example', 2, 20, 5, 4),
(4396, '2547-0000-example-0204', 'example', 2, 20, 5, 4),
(4397, '2547-0000-example-0205', 'example', 2, 20, 5, 4),
(4398, '2547-0000-example-0206', 'example', 2, 20, 5, 4),
(4399, '2547-0000-example-0207', 'example', 2, 20, 5, 4),
(4400, '2547-0000-example-0208', 'example', 2, 20, 5, 4),
(4401, '2547-0000-example-0209', 'example', 2, 20, 5, 4),
(4402, '2547-0000-example-0210', 'example', 2, 20, 5, 4),
(4403, '2547-0000-example-0211', 'example', 2, 20, 5, 4),
(4404, '2547-0000-example-0212', 'example', 2, 20, 5, 4),
(4405, '2547-0000-example-0213', 'example', 2, 20, 5, 4),
(4406, '2547-0000-example-0214', 'example', 2, 20, 5, 4),
(4407, '2547-0000-example-0215', 'example', 2, 20, 5, 4),
(4408, '2547-0000-example-0216', 'example', 2, 20, 5, 4),
(4409, '2547-0000-example-0217', 'example', 2, 20, 5, 4),
(4410, '2547-0000-example-0218', 'example', 2, 20, 5, 4),
(4411, '2547-0000-example-0219', 'example', 2, 20, 5, 4),
(4412, '2547-0000-example-0220', 'example', 2, 20, 5, 4),
(4413, '2547-0000-example-0221', 'example', 2, 20, 5, 4),
(4414, '2547-0000-example-0222', 'example', 2, 20, 5, 4),
(4415, '2547-0000-example-0223', 'example', 2, 20, 5, 4),
(4416, '2547-0000-example-0224', 'example', 2, 20, 5, 4),
(4417, '2547-0000-example-0225', 'example', 2, 20, 5, 4),
(4418, '2547-0000-example-0226', 'example', 2, 20, 5, 4),
(4419, '2547-0000-example-0227', 'example', 2, 20, 5, 4),
(4420, '2547-0000-example-0228', 'example', 2, 20, 5, 4),
(4421, '2547-0000-example-0229', 'example', 2, 20, 5, 4),
(4422, '2547-0000-example-0230', 'example', 2, 20, 5, 4),
(4423, '2547-0000-example-0231', 'example', 2, 20, 5, 4),
(4424, '2547-0000-example-0232', 'example', 2, 20, 5, 4),
(4425, '2547-0000-example-0233', 'example', 2, 20, 5, 4),
(4426, '2547-0000-example-0234', 'example', 2, 20, 5, 4),
(4427, '2547-0000-example-0235', 'example', 2, 20, 5, 4),
(4428, '2547-0000-example-0236', 'example', 2, 20, 5, 4),
(4429, '2547-0000-example-0237', 'example', 2, 20, 5, 4),
(4430, '2547-0000-example-0238', 'example', 2, 20, 5, 4),
(4431, '2547-0000-example-0239', 'example', 2, 20, 5, 4),
(4432, '2547-0000-example-0240', 'example', 2, 20, 5, 4),
(4433, '2547-0000-example-0241', 'example', 2, 20, 5, 4),
(4434, '2547-0000-example-0242', 'example', 2, 20, 5, 4),
(4435, '2547-0000-example-0243', 'example', 2, 20, 5, 4),
(4436, '2547-0000-example-0244', 'example', 2, 20, 5, 4),
(4437, '2547-0000-example-0245', 'example', 2, 20, 5, 4),
(4438, '2547-0000-example-0246', 'example', 2, 20, 5, 4),
(4439, '2547-0000-example-0247', 'example', 2, 20, 5, 4),
(4440, '2547-0000-example-0248', 'example', 2, 20, 5, 4),
(4441, '2547-0000-example-0249', 'example', 2, 20, 5, 4),
(4442, '2547-0000-example-0250', 'example', 2, 20, 5, 4),
(4443, '2547-0000-example-0251', 'example', 2, 20, 5, 4),
(4444, '2547-0000-example-0252', 'example', 2, 20, 5, 4),
(4445, '2547-0000-example-0253', 'example', 2, 20, 5, 4),
(4446, '2547-0000-example-0254', 'example', 2, 20, 5, 4),
(4447, '2547-0000-example-0255', 'example', 2, 20, 5, 4),
(4448, '2547-0000-example-0256', 'example', 2, 20, 5, 4),
(4449, '2547-0000-example-0257', 'example', 2, 20, 5, 4),
(4450, '2547-0000-example-0258', 'example', 2, 20, 5, 4),
(4451, '2547-0000-example-0259', 'example', 2, 20, 5, 4),
(4452, '2547-0000-example-0260', 'example', 2, 20, 5, 4),
(4453, '2547-0000-example-0261', 'example', 2, 20, 5, 4),
(4454, '2547-0000-example-0262', 'example', 2, 20, 5, 4),
(4455, '2547-0000-example-0263', 'example', 2, 20, 5, 4),
(4456, '2547-0000-example-0264', 'example', 2, 20, 5, 4),
(4457, '2547-0000-example-0265', 'example', 2, 20, 5, 4),
(4458, '2547-0000-example-0266', 'example', 2, 20, 5, 4),
(4459, '2547-0000-example-0267', 'example', 2, 20, 5, 4),
(4460, '2547-0000-example-0268', 'example', 2, 20, 5, 4),
(4461, '2547-0000-example-0269', 'example', 2, 20, 5, 4),
(4462, '2547-0000-example-0270', 'example', 2, 20, 5, 4),
(4463, '2547-0000-example-0271', 'example', 2, 20, 5, 4),
(4464, '2547-0000-example-0272', 'example', 2, 20, 5, 4),
(4465, '2547-0000-example-0273', 'example', 2, 20, 5, 4),
(4466, '2547-0000-example-0274', 'example', 2, 20, 5, 4),
(4467, '2547-0000-example-0275', 'example', 2, 20, 5, 4),
(4468, '2547-0000-example-0276', 'example', 2, 20, 5, 4),
(4469, '2547-0000-example-0277', 'example', 2, 20, 5, 4),
(4470, '2547-0000-example-0278', 'example', 2, 20, 5, 4),
(4471, '2547-0000-example-0279', 'example', 2, 20, 5, 4),
(4472, '2547-0000-example-0280', 'example', 2, 20, 5, 4),
(4473, '2547-0000-example-0281', 'example', 2, 20, 5, 4),
(4474, '2547-0000-example-0282', 'example', 2, 20, 5, 4),
(4475, '2547-0000-example-0283', 'example', 2, 20, 5, 4),
(4476, '2547-0000-example-0284', 'example', 2, 20, 5, 4),
(4477, '2547-0000-example-0285', 'example', 2, 20, 5, 4),
(4478, '2547-0000-example-0286', 'example', 2, 20, 5, 4),
(4479, '2547-0000-example-0287', 'example', 2, 20, 5, 4),
(4480, '2547-0000-example-0288', 'example', 2, 20, 5, 4),
(4481, '2547-0000-example-0289', 'example', 2, 20, 5, 4),
(4482, '2547-0000-example-0290', 'example', 2, 20, 5, 4),
(4483, '2547-0000-example-0291', 'example', 2, 20, 5, 4),
(4484, '2547-0000-example-0292', 'example', 2, 20, 5, 4),
(4485, '2547-0000-example-0293', 'example', 2, 20, 5, 4),
(4486, '2547-0000-example-0294', 'example', 2, 20, 5, 4),
(4487, '2547-0000-example-0295', 'example', 2, 20, 5, 4),
(4488, '2547-0000-example-0296', 'example', 2, 20, 5, 4),
(4489, '2547-0000-example-0297', 'example', 2, 20, 5, 4),
(4490, '2547-0000-example-0298', 'example', 2, 20, 5, 4),
(4491, '2547-0000-example-0299', 'example', 2, 20, 5, 4),
(4492, '2547-0000-example-0300', 'example', 2, 20, 5, 4),
(4493, 'dddd-0001', 'ลำโพง', 2, 20, 5, 4),
(4494, 'dddd-0002', 'ลำโพง', 2, 20, 5, 4),
(4495, 'dddd-0003', 'ลำโพง', 2, 20, 5, 4),
(4496, 'dddd-0004', 'ลำโพง', 2, 20, 5, 4),
(4497, 'dddd-0005', 'ลำโพง', 2, 20, 5, 4),
(4498, 'dddd-0006', 'ลำโพง', 2, 20, 5, 4),
(4499, 'dddd-0007', 'ลำโพง', 2, 20, 5, 4),
(4500, 'dddd-0008', 'ลำโพง', 2, 20, 5, 4),
(4501, 'dddd-0009', 'ลำโพง', 2, 20, 5, 4),
(4502, 'dddd-0010', 'ลำโพง', 2, 20, 5, 4),
(4503, 'dddd-0011', 'ลำโพง', 2, 20, 5, 4),
(4504, 'dddd-0012', 'ลำโพง', 2, 20, 5, 4),
(4505, 'dddd-0013', 'ลำโพง', 2, 20, 5, 4),
(4506, 'dddd-0014', 'ลำโพง', 2, 20, 5, 4),
(4507, 'dddd-0015', 'ลำโพง', 2, 20, 5, 4),
(4508, 'dddd-0016', 'ลำโพง', 2, 20, 5, 4),
(4509, 'dddd-0017', 'ลำโพง', 2, 20, 5, 4),
(4510, 'dddd-0018', 'ลำโพง', 2, 20, 5, 4),
(4511, 'dddd-0019', 'ลำโพง', 2, 20, 5, 4),
(4512, 'dddd-0020', 'ลำโพง', 2, 20, 5, 4),
(4513, 'dddd-0021', 'ลำโพง', 2, 20, 5, 4),
(4514, 'dddd-0022', 'ลำโพง', 2, 20, 5, 4),
(4515, 'dddd-0023', 'ลำโพง', 2, 20, 5, 4),
(4516, 'dddd-0024', 'ลำโพง', 2, 20, 5, 4),
(4517, 'dddd-0025', 'ลำโพง', 2, 20, 5, 4),
(4518, 'dddd-0026', 'ลำโพง', 2, 20, 5, 4),
(4519, 'dddd-0027', 'ลำโพง', 2, 20, 5, 4),
(4520, 'dddd-0028', 'ลำโพง', 2, 20, 5, 4),
(4521, 'dddd-0029', 'ลำโพง', 2, 20, 5, 4),
(4522, 'dddd-0030', 'ลำโพง', 2, 20, 5, 4),
(4523, 'dddd-0031', 'ลำโพง', 2, 20, 5, 4),
(4524, 'dddd-0032', 'ลำโพง', 2, 20, 5, 4),
(4525, 'dddd-0033', 'ลำโพง', 2, 20, 5, 4),
(4526, 'dddd-0034', 'ลำโพง', 2, 20, 5, 4),
(4527, 'dddd-0035', 'ลำโพง', 2, 20, 5, 4),
(4528, 'dddd-0036', 'ลำโพง', 2, 20, 5, 4),
(4529, 'dddd-0037', 'ลำโพง', 2, 20, 5, 4),
(4530, 'dddd-0038', 'ลำโพง', 2, 20, 5, 4),
(4531, 'dddd-0039', 'ลำโพง', 2, 20, 5, 4),
(4532, 'dddd-0040', 'ลำโพง', 2, 20, 5, 4),
(4533, 'dddd-0041', 'ลำโพง', 2, 20, 5, 4),
(4534, 'dddd-0042', 'ลำโพง', 2, 20, 5, 4),
(4535, 'dddd-0043', 'ลำโพง', 2, 20, 5, 4),
(4536, 'dddd-0044', 'ลำโพง', 2, 20, 5, 4),
(4537, 'dddd-0045', 'ลำโพง', 2, 20, 5, 4),
(4538, 'dddd-0046', 'ลำโพง', 2, 20, 5, 4),
(4539, 'dddd-0047', 'ลำโพง', 2, 20, 5, 4),
(4540, 'dddd-0048', 'ลำโพง', 2, 20, 5, 4),
(4541, 'dddd-0049', 'ลำโพง', 2, 20, 5, 4),
(4542, 'dddd-0050', 'ลำโพง', 2, 20, 5, 4),
(4543, '6504-0001', 'จอมอนิเตอร์', 2, 20, 5, 4),
(4544, '6504-0002', 'จอมอนิเตอร์', 2, 20, 5, 4),
(4545, '6504-0003', 'จอมอนิเตอร์', 2, 20, 5, 4),
(4546, '6504-0004', 'จอมอนิเตอร์', 2, 20, 5, 4),
(4547, '6504-0005', 'จอมอนิเตอร์', 2, 20, 5, 4),
(4548, '6504-0006', 'จอมอนิเตอร์', 2, 20, 5, 4),
(4549, '6504-0007', 'จอมอนิเตอร์', 2, 20, 5, 4),
(4550, '6504-0008', 'จอมอนิเตอร์', 2, 20, 5, 4),
(4551, '6504-0009', 'จอมอนิเตอร์', 2, 20, 5, 4),
(4552, '6504-0010', 'จอมอนิเตอร์', 2, 20, 5, 4),
(4553, '6504-0011', 'จอมอนิเตอร์', 2, 20, 5, 4),
(4554, '6504-0012', 'จอมอนิเตอร์', 2, 20, 5, 4),
(4555, '6504-0013', 'จอมอนิเตอร์', 2, 20, 5, 4),
(4556, '6504-0014', 'จอมอนิเตอร์', 2, 20, 5, 4),
(4557, '6504-0015', 'จอมอนิเตอร์', 2, 20, 5, 4),
(4558, '6504-0016', 'จอมอนิเตอร์', 2, 20, 5, 4),
(4559, '6504-0017', 'จอมอนิเตอร์', 2, 20, 5, 4),
(4560, '6504-0018', 'จอมอนิเตอร์', 2, 20, 5, 4),
(4561, '6504-0019', 'จอมอนิเตอร์', 2, 20, 5, 4),
(4562, '6504-0020', 'จอมอนิเตอร์', 2, 20, 5, 4),
(4563, '6504-0021', 'จอมอนิเตอร์', 2, 20, 5, 4),
(4564, '6504-0022', 'จอมอนิเตอร์', 2, 20, 5, 4),
(4565, '6504-0023', 'จอมอนิเตอร์', 2, 20, 5, 4),
(4566, '6504-0024', 'จอมอนิเตอร์', 2, 20, 5, 4),
(4567, '6504-0025', 'จอมอนิเตอร์', 2, 20, 5, 4),
(4568, '6504-0026', 'จอมอนิเตอร์', 2, 20, 5, 4),
(4569, '6504-0027', 'จอมอนิเตอร์', 2, 20, 5, 4),
(4570, '6504-0028', 'จอมอนิเตอร์', 2, 20, 5, 4),
(4571, '6504-0029', 'จอมอนิเตอร์', 2, 20, 5, 4),
(4572, '6504-0030', 'จอมอนิเตอร์', 2, 20, 5, 4),
(4573, '6504-0031', 'จอมอนิเตอร์', 2, 20, 5, 4),
(4574, '6504-0032', 'จอมอนิเตอร์', 2, 20, 5, 4),
(4575, '6504-0033', 'จอมอนิเตอร์', 2, 20, 5, 4),
(4576, '6504-0034', 'จอมอนิเตอร์', 2, 20, 5, 4),
(4577, '6504-0035', 'จอมอนิเตอร์', 2, 20, 5, 4),
(4578, '6504-0036', 'จอมอนิเตอร์', 2, 20, 5, 4),
(4579, '6504-0037', 'จอมอนิเตอร์', 2, 20, 5, 4),
(4580, '6504-0038', 'จอมอนิเตอร์', 2, 20, 5, 4),
(4581, '6504-0039', 'จอมอนิเตอร์', 2, 20, 5, 4),
(4582, '6504-0040', 'จอมอนิเตอร์', 2, 20, 5, 4),
(4583, '6504-0041', 'จอมอนิเตอร์', 2, 20, 5, 4),
(4584, '6504-0042', 'จอมอนิเตอร์', 2, 20, 5, 4),
(4585, '6504-0043', 'จอมอนิเตอร์', 2, 20, 5, 4),
(4586, '6504-0044', 'จอมอนิเตอร์', 2, 20, 5, 4),
(4587, '6504-0045', 'จอมอนิเตอร์', 2, 20, 5, 4),
(4588, '6504-0046', 'จอมอนิเตอร์', 2, 20, 5, 4),
(4589, '6504-0047', 'จอมอนิเตอร์', 2, 20, 5, 4),
(4590, '6504-0048', 'จอมอนิเตอร์', 2, 20, 5, 4),
(4591, '6504-0049', 'จอมอนิเตอร์', 2, 20, 5, 4),
(4592, '6504-0050', 'จอมอนิเตอร์', 2, 20, 5, 4),
(4593, '6504-0051', 'จอมอนิเตอร์', 2, 20, 5, 4),
(4594, '6504-0052', 'จอมอนิเตอร์', 2, 20, 5, 4),
(4595, '6504-0053', 'จอมอนิเตอร์', 2, 20, 5, 4),
(4596, '6504-0054', 'จอมอนิเตอร์', 2, 20, 5, 4),
(4597, '6504-0055', 'จอมอนิเตอร์', 2, 20, 5, 4),
(4598, '6504-0056', 'จอมอนิเตอร์', 2, 20, 5, 4),
(4599, '6504-0057', 'จอมอนิเตอร์', 2, 20, 5, 4),
(4600, '6504-0058', 'จอมอนิเตอร์', 2, 20, 5, 4),
(4601, '6504-0059', 'จอมอนิเตอร์', 2, 20, 5, 4),
(4602, '6504-0060', 'จอมอนิเตอร์', 2, 20, 5, 4),
(4603, '6504-0061', 'จอมอนิเตอร์', 2, 20, 5, 4),
(4604, '6504-0062', 'จอมอนิเตอร์', 2, 20, 5, 4),
(4605, '6504-0063', 'จอมอนิเตอร์', 2, 20, 5, 4),
(4606, '6504-0064', 'จอมอนิเตอร์', 2, 20, 5, 4),
(4607, '6504-0065', 'จอมอนิเตอร์', 2, 20, 5, 4),
(4608, '6504-0066', 'จอมอนิเตอร์', 2, 20, 5, 4),
(4609, '6504-0067', 'จอมอนิเตอร์', 2, 20, 5, 4),
(4610, '6504-0068', 'จอมอนิเตอร์', 2, 20, 5, 4),
(4611, '6504-0069', 'จอมอนิเตอร์', 2, 20, 5, 4),
(4612, '6504-0070', 'จอมอนิเตอร์', 2, 20, 5, 4),
(4613, '6504-0071', 'จอมอนิเตอร์', 2, 20, 5, 4),
(4614, '6504-0072', 'จอมอนิเตอร์', 2, 20, 5, 4),
(4615, '6504-0073', 'จอมอนิเตอร์', 2, 20, 5, 4),
(4616, '6504-0074', 'จอมอนิเตอร์', 2, 20, 5, 4),
(4617, '6504-0075', 'จอมอนิเตอร์', 2, 20, 5, 4),
(4618, '6504-0076', 'จอมอนิเตอร์', 2, 20, 5, 4),
(4619, '6504-0077', 'จอมอนิเตอร์', 2, 20, 5, 4),
(4620, '6504-0078', 'จอมอนิเตอร์', 2, 20, 5, 4),
(4621, '6504-0079', 'จอมอนิเตอร์', 2, 20, 5, 4),
(4622, '6504-0080', 'จอมอนิเตอร์', 2, 20, 5, 4),
(4623, '6504-0081', 'จอมอนิเตอร์', 2, 20, 5, 4),
(4624, '6504-0082', 'จอมอนิเตอร์', 2, 20, 5, 4),
(4625, '6504-0083', 'จอมอนิเตอร์', 2, 20, 5, 4),
(4626, '6504-0084', 'จอมอนิเตอร์', 2, 20, 5, 4),
(4627, '6504-0085', 'จอมอนิเตอร์', 2, 20, 5, 4),
(4628, '6504-0086', 'จอมอนิเตอร์', 2, 20, 5, 4),
(4629, '6504-0087', 'จอมอนิเตอร์', 2, 20, 5, 4),
(4630, '6504-0088', 'จอมอนิเตอร์', 2, 20, 5, 4),
(4631, '6504-0089', 'จอมอนิเตอร์', 2, 20, 5, 4),
(4632, '6504-0090', 'จอมอนิเตอร์', 2, 20, 5, 4),
(4633, '6504-0091', 'จอมอนิเตอร์', 2, 20, 5, 4),
(4634, '6504-0092', 'จอมอนิเตอร์', 2, 20, 5, 4),
(4635, '6504-0093', 'จอมอนิเตอร์', 2, 20, 5, 4),
(4636, '6504-0094', 'จอมอนิเตอร์', 2, 20, 5, 4),
(4637, '6504-0095', 'จอมอนิเตอร์', 2, 20, 5, 4),
(4638, '6504-0096', 'จอมอนิเตอร์', 2, 20, 5, 4),
(4639, '6504-0097', 'จอมอนิเตอร์', 2, 20, 5, 4),
(4640, '6504-0098', 'จอมอนิเตอร์', 2, 20, 5, 4),
(4641, '6504-0099', 'จอมอนิเตอร์', 2, 20, 5, 4),
(4642, '6504-0100', 'จอมอนิเตอร์', 2, 20, 5, 4),
(4643, '65040001', 'ลำโพง789', 2, 20, 5, 4),
(4644, '65040002', 'ลำโพง789', 2, 20, 5, 4),
(4645, '65040003', 'ลำโพง789', 2, 20, 5, 4),
(4646, '65040004', 'ลำโพง789', 2, 20, 5, 4),
(4647, '65040005', 'ลำโพง789', 2, 20, 5, 4),
(4648, '65040006', 'ลำโพง789', 2, 20, 5, 4),
(4649, '65040007', 'ลำโพง789', 2, 20, 5, 4),
(4650, '65040008', 'ลำโพง789', 2, 20, 5, 4),
(4651, '65040009', 'ลำโพง789', 2, 20, 5, 4),
(4652, '65040010', 'ลำโพง789', 2, 20, 5, 4),
(4653, '65040011', 'ลำโพง789', 2, 20, 5, 4),
(4654, '65040012', 'ลำโพง789', 2, 20, 5, 4),
(4655, '65040013', 'ลำโพง789', 2, 20, 5, 4),
(4656, '65040014', 'ลำโพง789', 2, 20, 5, 4),
(4657, '65040015', 'ลำโพง789', 2, 20, 5, 4),
(4658, '65040016', 'ลำโพง789', 2, 20, 5, 4),
(4659, '65040017', 'ลำโพง789', 2, 20, 5, 4),
(4660, '65040018', 'ลำโพง789', 2, 20, 5, 4),
(4661, '65040019', 'ลำโพง789', 2, 20, 5, 4),
(4662, '65040020', 'ลำโพง789', 2, 20, 5, 4),
(4663, '65040021', 'ลำโพง789', 2, 20, 5, 4),
(4664, '65040022', 'ลำโพง789', 2, 20, 5, 4),
(4665, '65040023', 'ลำโพง789', 2, 20, 5, 4),
(4666, '65040024', 'ลำโพง789', 2, 20, 5, 4),
(4667, '65040025', 'ลำโพง789', 2, 20, 5, 4),
(4668, '65040026', 'ลำโพง789', 2, 20, 5, 4),
(4669, '65040027', 'ลำโพง789', 2, 20, 5, 4),
(4670, '65040028', 'ลำโพง789', 2, 20, 5, 4),
(4671, '65040029', 'ลำโพง789', 2, 20, 5, 4),
(4672, '65040030', 'ลำโพง789', 2, 20, 5, 4),
(4673, '65040031', 'ลำโพง789', 2, 20, 5, 4),
(4674, '65040032', 'ลำโพง789', 2, 20, 5, 4),
(4675, '65040033', 'ลำโพง789', 2, 20, 5, 4),
(4676, '65040034', 'ลำโพง789', 2, 20, 5, 4),
(4677, '65040035', 'ลำโพง789', 2, 20, 5, 4),
(4678, '65040036', 'ลำโพง789', 2, 20, 5, 4),
(4679, '65040037', 'ลำโพง789', 2, 20, 5, 4),
(4680, '65040038', 'ลำโพง789', 2, 20, 5, 4),
(4681, '65040039', 'ลำโพง789', 2, 20, 5, 4),
(4682, '65040040', 'ลำโพง789', 2, 20, 5, 4),
(4683, '65040041', 'ลำโพง789', 2, 20, 5, 4),
(4684, '65040042', 'ลำโพง789', 2, 20, 5, 4),
(4685, '65040043', 'ลำโพง789', 2, 20, 5, 4),
(4686, '65040044', 'ลำโพง789', 2, 20, 5, 4),
(4687, '65040045', 'ลำโพง789', 2, 20, 5, 4),
(4688, '65040046', 'ลำโพง789', 2, 20, 5, 4),
(4689, '65040047', 'ลำโพง789', 2, 20, 5, 4),
(4690, '65040048', 'ลำโพง789', 2, 20, 5, 4),
(4691, '65040049', 'ลำโพง789', 2, 20, 5, 4),
(4692, '65040050', 'ลำโพง789', 2, 20, 5, 4),
(4693, '65040051', 'ลำโพง789', 2, 20, 5, 4),
(4694, '65040052', 'ลำโพง789', 2, 20, 5, 4),
(4695, '65040053', 'ลำโพง789', 2, 20, 5, 4),
(4696, '65040054', 'ลำโพง789', 2, 20, 5, 4),
(4697, '65040055', 'ลำโพง789', 2, 20, 5, 4),
(4698, '65040056', 'ลำโพง789', 2, 20, 5, 4),
(4699, '65040057', 'ลำโพง789', 2, 20, 5, 4),
(4700, '65040058', 'ลำโพง789', 2, 20, 5, 4),
(4701, '65040059', 'ลำโพง789', 2, 20, 5, 4),
(4702, '65040060', 'ลำโพง789', 2, 20, 5, 4),
(4703, '65040061', 'ลำโพง789', 2, 20, 5, 4),
(4704, '65040062', 'ลำโพง789', 2, 20, 5, 4),
(4705, '65040063', 'ลำโพง789', 2, 20, 5, 4),
(4706, '65040064', 'ลำโพง789', 2, 20, 5, 4),
(4707, '65040065', 'ลำโพง789', 2, 20, 5, 4),
(4708, '65040066', 'ลำโพง789', 2, 20, 5, 4),
(4709, '65040067', 'ลำโพง789', 2, 20, 5, 4),
(4710, '65040068', 'ลำโพง789', 2, 20, 5, 4),
(4711, '65040069', 'ลำโพง789', 2, 20, 5, 4),
(4712, '65040070', 'ลำโพง789', 2, 20, 5, 4),
(4713, '65040071', 'ลำโพง789', 2, 20, 5, 4),
(4714, '65040072', 'ลำโพง789', 2, 20, 5, 4),
(4715, '65040073', 'ลำโพง789', 2, 20, 5, 4),
(4716, '65040074', 'ลำโพง789', 2, 20, 5, 4),
(4717, '65040075', 'ลำโพง789', 2, 20, 5, 4),
(4718, '65040076', 'ลำโพง789', 2, 20, 5, 4),
(4719, '65040077', 'ลำโพง789', 2, 20, 5, 4),
(4720, '65040078', 'ลำโพง789', 2, 20, 5, 4),
(4721, '65040079', 'ลำโพง789', 2, 20, 5, 4),
(4722, '65040080', 'ลำโพง789', 2, 20, 5, 4),
(4723, '65040081', 'ลำโพง789', 2, 20, 5, 4),
(4724, '65040082', 'ลำโพง789', 2, 20, 5, 4),
(4725, '65040083', 'ลำโพง789', 2, 20, 5, 4),
(4726, '65040084', 'ลำโพง789', 2, 20, 5, 4),
(4727, '65040085', 'ลำโพง789', 2, 20, 5, 4),
(4728, '65040086', 'ลำโพง789', 2, 20, 5, 4),
(4729, '65040087', 'ลำโพง789', 2, 20, 5, 4),
(4730, '65040088', 'ลำโพง789', 2, 20, 5, 4),
(4731, '65040089', 'ลำโพง789', 2, 20, 5, 4),
(4732, '65040090', 'ลำโพง789', 2, 20, 5, 4),
(4733, '65040091', 'ลำโพง789', 2, 20, 5, 4),
(4734, '65040092', 'ลำโพง789', 2, 20, 5, 4),
(4735, '65040093', 'ลำโพง789', 2, 20, 5, 4),
(4736, '65040094', 'ลำโพง789', 2, 20, 5, 4),
(4737, '65040095', 'ลำโพง789', 2, 20, 5, 4),
(4738, '65040096', 'ลำโพง789', 2, 20, 5, 4),
(4739, '65040097', 'ลำโพง789', 2, 20, 5, 4),
(4740, '65040098', 'ลำโพง789', 2, 20, 5, 4),
(4741, '65040099', 'ลำโพง789', 2, 20, 5, 4),
(4742, '65040100', 'ลำโพง789', 2, 20, 5, 4);

-- --------------------------------------------------------

--
-- Table structure for table `main_computer`
--

CREATE TABLE `main_computer` (
  `Id` int(11) NOT NULL,
  `code_name` varchar(10) NOT NULL
) ENGINE=InnoDB DEFAULT CHARSET=utf8;

-- --------------------------------------------------------

--
-- Table structure for table `role`
--

CREATE TABLE `role` (
  `Id` int(11) NOT NULL,
  `title` varchar(50) NOT NULL
) ENGINE=InnoDB DEFAULT CHARSET=utf8;

--
-- Dumping data for table `role`
--

INSERT INTO `role` (`Id`, `title`) VALUES
(1, 'Admin'),
(2, 'Technician'),
(3, 'Classroom Owner');

-- --------------------------------------------------------

--
-- Table structure for table `room`
--

CREATE TABLE `room` (
  `Id` int(11) NOT NULL,
  `build` varchar(2) NOT NULL,
  `floor` varchar(2) NOT NULL,
  `room_name` varchar(8) NOT NULL,
  `room_status` int(2) NOT NULL
) ENGINE=InnoDB DEFAULT CHARSET=utf8;

--
-- Dumping data for table `room`
--

INSERT INTO `room` (`Id`, `build`, `floor`, `room_name`, `room_status`) VALUES
(1, '1', '1', '1101', 1),
(2, '1', '1', '1102', 1);

-- --------------------------------------------------------

--
-- Table structure for table `room_status`
--

CREATE TABLE `room_status` (
  `Id` int(11) NOT NULL,
  `title` varchar(50) NOT NULL
) ENGINE=InnoDB DEFAULT CHARSET=utf8;

-- --------------------------------------------------------

--
-- Table structure for table `type`
--

CREATE TABLE `type` (
  `Id` int(11) NOT NULL,
  `title` varchar(50) NOT NULL
) ENGINE=InnoDB DEFAULT CHARSET=utf8;

--
-- Dumping data for table `type`
--

INSERT INTO `type` (`Id`, `title`) VALUES
(5, 'คอมพิวเตอร์');

-- --------------------------------------------------------

--
-- Table structure for table `unit`
--

CREATE TABLE `unit` (
  `Id` int(11) NOT NULL,
  `title` varchar(50) NOT NULL
) ENGINE=InnoDB DEFAULT CHARSET=utf8;

--
-- Dumping data for table `unit`
--

INSERT INTO `unit` (`Id`, `title`) VALUES
(1, 'ชิ้น'),
(4, 'เครื่อง');

--
-- Indexes for dumped tables
--

--
-- Indexes for table `account`
--
ALTER TABLE `account`
  ADD PRIMARY KEY (`Id`);

--
-- Indexes for table `brand`
--
ALTER TABLE `brand`
  ADD PRIMARY KEY (`Id`);

--
-- Indexes for table `category`
--
ALTER TABLE `category`
  ADD PRIMARY KEY (`Id`);

--
-- Indexes for table `class_room_owner`
--
ALTER TABLE `class_room_owner`
  ADD PRIMARY KEY (`Id`);

--
-- Indexes for table `computer`
--
ALTER TABLE `computer`
  ADD PRIMARY KEY (`Id`);

--
-- Indexes for table `department`
--
ALTER TABLE `department`
  ADD PRIMARY KEY (`Id`);

--
-- Indexes for table `inventory`
--
ALTER TABLE `inventory`
  ADD PRIMARY KEY (`Id`);

--
-- Indexes for table `main_computer`
--
ALTER TABLE `main_computer`
  ADD PRIMARY KEY (`Id`);

--
-- Indexes for table `role`
--
ALTER TABLE `role`
  ADD PRIMARY KEY (`Id`);

--
-- Indexes for table `room`
--
ALTER TABLE `room`
  ADD PRIMARY KEY (`Id`);

--
-- Indexes for table `room_status`
--
ALTER TABLE `room_status`
  ADD PRIMARY KEY (`Id`);

--
-- Indexes for table `type`
--
ALTER TABLE `type`
  ADD PRIMARY KEY (`Id`);

--
-- Indexes for table `unit`
--
ALTER TABLE `unit`
  ADD PRIMARY KEY (`Id`);

--
-- AUTO_INCREMENT for dumped tables
--

--
-- AUTO_INCREMENT for table `account`
--
ALTER TABLE `account`
  MODIFY `Id` int(11) NOT NULL AUTO_INCREMENT, AUTO_INCREMENT=72;

--
-- AUTO_INCREMENT for table `brand`
--
ALTER TABLE `brand`
  MODIFY `Id` int(11) NOT NULL AUTO_INCREMENT, AUTO_INCREMENT=8;

--
-- AUTO_INCREMENT for table `category`
--
ALTER TABLE `category`
  MODIFY `Id` int(11) NOT NULL AUTO_INCREMENT, AUTO_INCREMENT=21;

--
-- AUTO_INCREMENT for table `class_room_owner`
--
ALTER TABLE `class_room_owner`
  MODIFY `Id` int(11) NOT NULL AUTO_INCREMENT, AUTO_INCREMENT=25;

--
-- AUTO_INCREMENT for table `computer`
--
ALTER TABLE `computer`
  MODIFY `Id` int(11) NOT NULL AUTO_INCREMENT;

--
-- AUTO_INCREMENT for table `department`
--
ALTER TABLE `department`
  MODIFY `Id` int(11) NOT NULL AUTO_INCREMENT, AUTO_INCREMENT=19;

--
-- AUTO_INCREMENT for table `inventory`
--
ALTER TABLE `inventory`
  MODIFY `Id` int(11) NOT NULL AUTO_INCREMENT, AUTO_INCREMENT=4743;

--
-- AUTO_INCREMENT for table `main_computer`
--
ALTER TABLE `main_computer`
  MODIFY `Id` int(11) NOT NULL AUTO_INCREMENT;

--
-- AUTO_INCREMENT for table `role`
--
ALTER TABLE `role`
  MODIFY `Id` int(11) NOT NULL AUTO_INCREMENT, AUTO_INCREMENT=4;

--
-- AUTO_INCREMENT for table `room`
--
ALTER TABLE `room`
  MODIFY `Id` int(11) NOT NULL AUTO_INCREMENT, AUTO_INCREMENT=4;

--
-- AUTO_INCREMENT for table `room_status`
--
ALTER TABLE `room_status`
  MODIFY `Id` int(11) NOT NULL AUTO_INCREMENT;

--
-- AUTO_INCREMENT for table `type`
--
ALTER TABLE `type`
  MODIFY `Id` int(11) NOT NULL AUTO_INCREMENT, AUTO_INCREMENT=8;

--
-- AUTO_INCREMENT for table `unit`
--
ALTER TABLE `unit`
  MODIFY `Id` int(11) NOT NULL AUTO_INCREMENT, AUTO_INCREMENT=5;
COMMIT;

/*!40101 SET CHARACTER_SET_CLIENT=@OLD_CHARACTER_SET_CLIENT */;
/*!40101 SET CHARACTER_SET_RESULTS=@OLD_CHARACTER_SET_RESULTS */;
/*!40101 SET COLLATION_CONNECTION=@OLD_COLLATION_CONNECTION */;
