-- phpMyAdmin SQL Dump
-- version 5.2.0
-- https://www.phpmyadmin.net/
--
-- Host: 127.0.0.1
-- Generation Time: Nov 10, 2022 at 10:40 AM
-- Server version: 10.4.24-MariaDB
-- PHP Version: 8.1.6

SET SQL_MODE = "NO_AUTO_VALUE_ON_ZERO";
START TRANSACTION;
SET time_zone = "+00:00";


/*!40101 SET @OLD_CHARACTER_SET_CLIENT=@@CHARACTER_SET_CLIENT */;
/*!40101 SET @OLD_CHARACTER_SET_RESULTS=@@CHARACTER_SET_RESULTS */;
/*!40101 SET @OLD_COLLATION_CONNECTION=@@COLLATION_CONNECTION */;
/*!40101 SET NAMES utf8mb4 */;

--
-- Database: `repair_db_app`
--

-- --------------------------------------------------------

--
-- Table structure for table `account`
--

CREATE TABLE `account` (
  `Id` int(11) NOT NULL,
  `username` varchar(100) NOT NULL,
  `password` varchar(100) NOT NULL,
  `fullname` varchar(255) NOT NULL,
  `mobile` varchar(10) NOT NULL,
  `email` varchar(100) NOT NULL,
  `created_at` timestamp NOT NULL DEFAULT current_timestamp() ON UPDATE current_timestamp(),
  `status` int(2) NOT NULL,
  `roleId` int(2) NOT NULL
) ENGINE=InnoDB DEFAULT CHARSET=utf8;

--
-- Dumping data for table `account`
--

INSERT INTO `account` (`Id`, `username`, `password`, `fullname`, `mobile`, `email`, `created_at`, `status`, `roleId`) VALUES
(60, 'patcharaphat.pit', 'e10adc3949ba59abbe56e057f20f883e', 'พชรภัทร พิทักษ์พูลศิลป์ (ต้น)', '0948677700', 'patcharaphat.pit@sbac.ac.th', '2022-10-28 07:23:34', 1, 1),
(66, 'pui16879', 'e10adc3949ba59abbe56e057f20f883e', 'อริญดา พิทักษ์พูลศิลป์', '0863555795', 'Arinrada.pui@gmail.com', '2022-10-26 01:45:15', 1, 2),
(67, 'Tawat', 'e10adc3949ba59abbe56e057f20f883e', 'ธวัช พิทักษ์พูลศิลป์', '0863799015', 'Tawat@sbac.ac.th', '2022-11-05 11:12:41', -1, 3),
(68, 'patcharaphat.pit', '$2y$10$g2wC15BTSwYhGA7tPFu/ueVpSvaDedpC4aMuoca1oQmluTolEMB7G', 'test', '0865245454', 'test@gmail.com', '2022-10-21 17:52:22', 1, 1),
(69, 'patcharaphat.pit', '$2y$10$6d9s8n35g5T8Emd3RK9epOv1mF9CYB0YFl2YyxkT6FVGJAlANNkVG', 'test', '0902725819', 'sssTawat@sbac.ac.thd', '2022-10-31 16:09:47', -3, 3),
(70, 'patcharaphat.pit', '$2y$10$orsINH/kSN9.3jkfVUO97.GDfLYgBh4O100YrRlElzw.2arfPIw8.', 'เจ้าของห้อง', '0902725819', 'owner@gmail.com', '2022-11-07 19:29:21', -1, 3),
(71, 'patcharaphat.pit', '$2y$10$uf0ZMFotEuasRHS7o21mTeQZoYZcB2wJTb8wPZ7B6Nom3GINFJL3S', 'test2', '0948677700', 'patana.pit@sbac.ac.th', '2022-10-31 16:09:54', -3, 3),
(72, 'patcharaphat.pit@sbac.ac.th', '$2y$10$VmeoSmuJYfyCaxZRzwm5R.jJrM3zMe/D7EN8j52taWpLskrcFq466', 'อริญดา พิทักษ์พูลศิลป์', '0902725819', 'Tawat@sbac.ac.th', '2022-10-28 07:17:23', 1, 1),
(73, 'patcharaphat.pit', '$2y$10$7UrqFI39fBApqcH/qY4F6uBCHWlFKwpO3k6uwuHVhBYtF/7w6UeYe', 'เจ้าของห้อง', '0902725819', 'Arinrada.pui@gmail.com', '2022-10-31 14:12:04', 1, 1),
(74, 'patcharaphat.pit', '$2y$10$eBhMzMfdfwgRaoxVGEBlCeKCVfjNSWCVr5VKGMu2ZyZO3BE0LkABe', 'ton', '0902725819', 'Tawat@sbac.ac.th', '2022-10-31 14:12:27', 1, 2),
(75, 'patcharaphat.pit@sbac.ac.th123456', '$2y$10$4JBguX34zopYUEzvOwT64uQx2ogj2icickkSSwYTn44IifPoeIc2i', 'pui', '0948677700', 'patana.pit@sbac.ac.th', '2022-11-04 16:24:00', -1, 3),
(77, 'owner', 'e10adc3949ba59abbe56e057f20f883e', 'เจ้าของห้องเรียน', '1234565555', 'owner@sbac.ac.th', '2022-11-07 13:54:23', -1, 3),
(78, 'puiii', 'e10adc3949ba59abbe56e057f20f883e', 'puiii', '0902725819', 'pui789@gmail.com', '2022-11-08 12:33:41', 1, 3);

-- --------------------------------------------------------

--
-- Table structure for table `brand`
--

CREATE TABLE `brand` (
  `Id` int(11) NOT NULL,
  `title` varchar(50) NOT NULL
) ENGINE=InnoDB DEFAULT CHARSET=utf8;

--
-- Dumping data for table `brand`
--

INSERT INTO `brand` (`Id`, `title`) VALUES
(2, 'Acer');

-- --------------------------------------------------------

--
-- Table structure for table `category`
--

CREATE TABLE `category` (
  `Id` int(11) NOT NULL,
  `title` varchar(50) NOT NULL
) ENGINE=InnoDB DEFAULT CHARSET=utf8;

--
-- Dumping data for table `category`
--

INSERT INTO `category` (`Id`, `title`) VALUES
(20, 'คอมพิวเตอร์');

-- --------------------------------------------------------

--
-- Table structure for table `class_room_owner`
--

CREATE TABLE `class_room_owner` (
  `Id` int(11) NOT NULL,
  `account_Id` int(2) NOT NULL,
  `department_Id` int(2) NOT NULL,
  `room_Id` int(2) NOT NULL,
  `status_comfirm_inventory` int(2) NOT NULL
) ENGINE=InnoDB DEFAULT CHARSET=utf8;

--
-- Dumping data for table `class_room_owner`
--

INSERT INTO `class_room_owner` (`Id`, `account_Id`, `department_Id`, `room_Id`, `status_comfirm_inventory`) VALUES
(33, 67, 2, 267, 0),
(34, 75, 3, 268, 0),
(35, 70, 3, 269, 0),
(36, 76, 3, 271, 0),
(37, 78, 2, 272, 0);

-- --------------------------------------------------------

--
-- Table structure for table `computer`
--

CREATE TABLE `computer` (
  `Id` int(11) NOT NULL,
  `code` varchar(20) NOT NULL,
  `roomId` int(11) NOT NULL,
  `mainComCode` int(11) NOT NULL,
  `status` int(2) NOT NULL
) ENGINE=InnoDB DEFAULT CHARSET=utf8;

--
-- Dumping data for table `computer`
--

INSERT INTO `computer` (`Id`, `code`, `roomId`, `mainComCode`, `status`) VALUES
(151, '1201-001', 14, 0, -2),
(152, '1201-002', 14, 0, -2),
(153, '1201-003', 14, 0, -2),
(154, '1201-004', 14, 0, -2),
(155, '1201-005', 14, 0, -2),
(156, '1201-006', 14, 0, -2),
(157, '1201-007', 14, 0, -2),
(158, '1201-008', 14, 0, -2),
(159, '1201-009', 14, 0, -2),
(161, '1201-011', 14, 0, -2),
(162, '1201-012', 14, 0, -2),
(163, '1201-013', 14, 0, -2),
(164, '1201-014', 14, 0, -2),
(165, '1201-015', 14, 0, -2),
(166, '1201-016', 14, 0, -2),
(167, '1201-017', 14, 0, -2),
(168, '1201-018', 14, 0, -2),
(169, '1201-019', 14, 0, -2),
(170, '1201-020', 14, 0, -2),
(171, '1201-021', 14, 0, -2),
(172, '1201-022', 14, 0, -2),
(173, '1201-023', 14, 0, -2),
(174, '1201-024', 14, 0, -2),
(175, '1201-025', 14, 0, -2),
(176, '1201-026', 14, 0, -2),
(177, '1201-027', 14, 0, -2),
(178, '1201-028', 14, 0, -2),
(179, '1201-029', 14, 0, -2),
(180, '1201-030', 14, 0, -2),
(181, '1201-031', 14, 0, -2),
(182, '1201-032', 14, 0, -2),
(183, '1201-033', 14, 0, -2),
(184, '1201-034', 14, 0, -2),
(185, '1201-035', 14, 0, -2),
(186, '1201-036', 14, 0, -2),
(187, '1201-037', 14, 0, -2),
(188, '1201-038', 14, 0, -2),
(189, '1201-039', 14, 0, -2),
(190, '1201-040', 14, 0, -2),
(191, '1201-041', 14, 0, -2),
(192, '1201-042', 14, 0, -2),
(193, '1201-043', 14, 0, -2),
(194, '1201-044', 14, 0, -2),
(195, '1201-045', 14, 0, -2),
(196, '1201-046', 14, 0, -2),
(197, '1201-047', 14, 0, -2),
(198, '1201-048', 14, 0, -2),
(199, '1201-049', 14, 0, -2),
(201, '1202-001', 15, 0, -2),
(202, '1202-002', 15, 0, -2),
(203, '1202-003', 15, 0, -2),
(204, '1202-004', 15, 0, -2),
(205, '1202-005', 15, 0, -2),
(206, '1202-006', 15, 0, -2),
(207, '1202-007', 15, 0, -2),
(208, '1202-008', 15, 0, -2),
(209, '1202-009', 15, 0, -2),
(210, '1202-010', 15, 0, -2),
(211, '1202-011', 15, 0, -2),
(212, '1202-012', 15, 0, -2),
(213, '1202-013', 15, 0, -2),
(214, '1202-014', 15, 0, -2),
(215, '1202-015', 15, 0, -2),
(216, '1202-016', 15, 0, -2),
(217, '1202-017', 15, 0, -2),
(218, '1202-018', 15, 0, -2),
(219, '1202-019', 15, 0, -2),
(220, '1202-020', 15, 0, -2),
(221, '1202-021', 15, 0, -2),
(222, '1202-022', 15, 0, -2),
(223, '1202-023', 15, 0, -2),
(224, '1202-024', 15, 0, -2),
(225, '1202-025', 15, 0, -2),
(226, '1202-026', 15, 0, -2),
(227, '1202-027', 15, 0, -2),
(228, '1202-028', 15, 0, -2),
(229, '1202-029', 15, 0, -2),
(230, '1202-030', 15, 0, -2),
(231, '1202-031', 15, 0, -2),
(232, '1202-032', 15, 0, -2),
(233, '1202-033', 15, 0, -2),
(234, '1202-034', 15, 0, -2),
(235, '1202-035', 15, 0, -2),
(236, '1202-036', 15, 0, -2),
(237, '1202-037', 15, 0, -2),
(238, '1202-038', 15, 0, -2),
(239, '1202-039', 15, 0, -2),
(240, '1202-040', 15, 0, -2),
(241, '1202-041', 15, 0, -2),
(242, '1202-042', 15, 0, -2),
(243, '1202-043', 15, 0, -2),
(244, '1202-044', 15, 0, -2),
(245, '1202-045', 15, 0, -2),
(246, '1202-046', 15, 0, -2),
(247, '1202-047', 15, 0, -2),
(248, '1202-048', 15, 0, -2),
(249, '1202-049', 15, 0, -2),
(250, '1202-050', 15, 0, -2),
(251, '1202-051', 15, 0, -2),
(252, '1202-052', 15, 0, -2),
(253, '1202-053', 15, 0, -2),
(254, '1202-054', 15, 0, -2),
(255, '1202-055', 15, 0, -2),
(256, '1202-056', 15, 0, -2),
(257, '1202-057', 15, 0, -2),
(258, '1202-058', 15, 0, -2),
(259, '1202-059', 15, 0, -2),
(260, '1202-060', 15, 0, -2),
(261, '1202-061', 15, 0, -2),
(262, '1202-062', 15, 0, -2),
(263, '1202-063', 15, 0, -2),
(264, '1202-064', 15, 0, -2),
(265, '1202-065', 15, 0, -2),
(266, '1202-066', 15, 0, -2),
(267, '1202-067', 15, 0, -2),
(268, '1202-068', 15, 0, -2),
(269, '1202-069', 15, 0, -2),
(270, '1202-070', 15, 0, -2),
(271, '1202-071', 15, 0, -2),
(272, '1202-072', 15, 0, -2),
(273, '1202-073', 15, 0, -2),
(274, '1202-074', 15, 0, -2),
(275, '1202-075', 15, 0, -2),
(276, '1202-076', 15, 0, -2),
(277, '1202-077', 15, 0, -2),
(278, '1202-078', 15, 0, -2),
(279, '1202-079', 15, 0, -2),
(280, '1202-080', 15, 0, -2),
(281, '1202-081', 15, 0, -2),
(282, '1202-082', 15, 0, -2),
(283, '1202-083', 15, 0, -2),
(284, '1202-084', 15, 0, -2),
(285, '1202-085', 15, 0, -2),
(286, '1202-086', 15, 0, -2),
(287, '1202-087', 15, 0, -2),
(288, '1202-088', 15, 0, -2),
(289, '1202-089', 15, 0, -2),
(290, '1202-090', 15, 0, -2),
(291, '1202-091', 15, 0, -2),
(292, '1202-092', 15, 0, -2),
(293, '1202-093', 15, 0, -2),
(294, '1202-094', 15, 0, -2),
(295, '1202-095', 15, 0, -2),
(296, '1202-096', 15, 0, -2),
(297, '1202-097', 15, 0, -2),
(298, '1202-098', 15, 0, -2),
(299, '1202-099', 15, 0, -2),
(300, '1202-100', 15, 0, -2),
(301, '1202-101', 15, 0, -2),
(302, '1202-102', 15, 0, -2),
(303, '1202-103', 15, 0, -2),
(304, '1202-104', 15, 0, -2),
(305, '1202-105', 15, 0, -2),
(306, '1202-106', 15, 0, -2),
(307, '1202-107', 15, 0, -2),
(308, '1202-108', 15, 0, -2),
(309, '1202-109', 15, 0, -2),
(310, '1202-110', 15, 0, -2),
(311, '1202-111', 15, 0, -2),
(312, '1202-112', 15, 0, -2),
(313, '1202-113', 15, 0, -2),
(314, '1202-114', 15, 0, -2),
(315, '1202-115', 15, 0, -2),
(316, '1202-116', 15, 0, -2),
(317, '1202-117', 15, 0, -2),
(318, '1202-118', 15, 0, -2),
(319, '1202-119', 15, 0, -2),
(320, '1202-120', 15, 0, -2),
(321, '1202-121', 15, 0, -2),
(322, '1202-122', 15, 0, -2),
(323, '1202-123', 15, 0, -2),
(324, '1202-124', 15, 0, -2),
(325, '1202-125', 15, 0, -2),
(326, '1202-126', 15, 0, -2),
(327, '1202-127', 15, 0, -2),
(328, '1202-128', 15, 0, -2),
(329, '1202-129', 15, 0, -2),
(330, '1202-130', 15, 0, -2),
(331, '1202-131', 15, 0, -2),
(332, '1202-132', 15, 0, -2),
(333, '1202-133', 15, 0, -2),
(334, '1202-134', 15, 0, -2),
(335, '1202-135', 15, 0, -2),
(336, '1202-136', 15, 0, -2),
(337, '1202-137', 15, 0, -2),
(338, '1202-138', 15, 0, -2),
(339, '1202-139', 15, 0, -2),
(340, '1202-140', 15, 0, -2),
(341, '1202-141', 15, 0, -2),
(342, '1202-142', 15, 0, -2),
(343, '1202-143', 15, 0, -2),
(344, '1202-144', 15, 0, -2),
(345, '1202-145', 15, 0, -2),
(346, '1202-146', 15, 0, -2),
(347, '1202-147', 15, 0, -2),
(348, '1202-148', 15, 0, -2),
(349, '1202-149', 15, 0, -2),
(350, '1202-150', 15, 0, -2),
(351, '1202-151', 15, 0, -2),
(352, '1202-152', 15, 0, -2),
(353, '1202-153', 15, 0, -2),
(354, '1202-154', 15, 0, -2),
(355, '1202-155', 15, 0, -2),
(356, '1202-156', 15, 0, -2),
(357, '1202-157', 15, 0, -2),
(358, '1202-158', 15, 0, -2),
(359, '1202-159', 15, 0, -2),
(360, '1202-160', 15, 0, -2),
(361, '1202-161', 15, 0, -2),
(362, '1202-162', 15, 0, -2),
(363, '1202-163', 15, 0, -2),
(364, '1202-164', 15, 0, -2),
(365, '1202-165', 15, 0, -2),
(366, '1202-166', 15, 0, -2),
(367, '1202-167', 15, 0, -2),
(368, '1202-168', 15, 0, -2),
(369, '1202-169', 15, 0, -2),
(370, '1202-170', 15, 0, -2),
(371, '1202-171', 15, 0, -2),
(372, '1202-172', 15, 0, -2),
(373, '1202-173', 15, 0, -2),
(374, '1202-174', 15, 0, -2),
(375, '1202-175', 15, 0, -2),
(376, '1202-176', 15, 0, -2),
(377, '1202-177', 15, 0, -2),
(378, '1202-178', 15, 0, -2),
(379, '1202-179', 15, 0, -2),
(380, '1202-180', 15, 0, -2),
(381, '1202-181', 15, 0, -2),
(382, '1202-182', 15, 0, -2),
(383, '1202-183', 15, 0, -2),
(384, '1202-184', 15, 0, -2),
(385, '1202-185', 15, 0, -2),
(386, '1202-186', 15, 0, -2),
(387, '1202-187', 15, 0, -2),
(388, '1202-188', 15, 0, -2),
(389, '1202-189', 15, 0, -2),
(390, '1202-190', 15, 0, -2),
(391, '1202-191', 15, 0, -2),
(392, '1202-192', 15, 0, -2),
(393, '1202-193', 15, 0, -2),
(394, '1202-194', 15, 0, -2),
(395, '1202-195', 15, 0, -2),
(396, '1202-196', 15, 0, -2),
(397, '1202-197', 15, 0, -2),
(398, '1202-198', 15, 0, -2),
(399, '1202-199', 15, 0, -2),
(400, '1202-200', 15, 0, -2),
(401, '1101-001', 4, 0, -2),
(402, '1101-002', 4, 0, -2),
(403, '1101-003', 4, 0, -2),
(404, '1101-004', 4, 0, -2),
(405, '1101-005', 4, 0, -2),
(406, '1101-006', 4, 0, -2),
(407, '1101-007', 4, 0, -2),
(408, '1101-008', 4, 0, -2),
(409, '1101-009', 4, 0, -2),
(410, '1101-010', 4, 0, -2),
(411, '1101-011', 4, 0, -2),
(412, '1101-012', 4, 0, -2),
(413, '1101-013', 4, 0, -2),
(414, '1101-014', 4, 0, -2),
(415, '1101-015', 4, 0, -2),
(416, '1101-016', 4, 0, -2),
(417, '1101-017', 4, 0, -2),
(418, '1101-018', 4, 0, -2),
(419, '1101-019', 4, 0, -2),
(420, '1101-020', 4, 0, -2),
(421, '1101-021', 4, 0, -2),
(422, '1101-022', 4, 0, -2),
(423, '1101-023', 4, 0, -2),
(424, '1101-024', 4, 0, -2),
(425, '1101-025', 4, 0, -2),
(426, '1101-026', 4, 0, -2),
(427, '1101-027', 4, 0, -2),
(428, '1101-028', 4, 0, -2),
(429, '1101-029', 4, 0, -2),
(430, '1101-030', 4, 0, -2),
(431, '1101-031', 4, 0, -2),
(432, '1101-032', 4, 0, -2),
(433, '1101-033', 4, 0, -2),
(434, '1101-034', 4, 0, -2),
(435, '1101-035', 4, 0, -2),
(436, '1101-036', 4, 0, -2),
(437, '1101-037', 4, 0, -2),
(438, '1101-038', 4, 0, -2),
(439, '1101-039', 4, 0, -2),
(440, '1101-040', 4, 0, -2),
(441, '1101-041', 4, 0, -2),
(442, '1101-042', 4, 0, -2),
(443, '1101-043', 4, 0, -2),
(444, '1101-044', 4, 0, -2),
(445, '1101-045', 4, 0, -2),
(446, '1101-046', 4, 0, -2),
(447, '1101-047', 4, 0, -2),
(448, '1101-048', 4, 0, -2),
(449, '1101-049', 4, 0, -2),
(450, '1101-050', 4, 0, -2),
(451, '1104-001', 7, 0, -2),
(452, '1104-002', 7, 0, -2),
(453, '1104-003', 7, 0, -2),
(454, '1104-004', 7, 0, -2),
(455, '1104-005', 7, 0, -2),
(456, '1104-006', 7, 0, -2),
(457, '1104-007', 7, 0, -2),
(458, '1104-008', 7, 0, -2),
(459, '1104-009', 7, 0, -2),
(460, '1104-010', 7, 0, -2),
(461, '1104-011', 7, 0, -2),
(462, '1104-012', 7, 0, -2),
(463, '1104-013', 7, 0, -2),
(464, '1104-014', 7, 0, -2),
(465, '1104-015', 7, 0, -2),
(466, '1104-016', 7, 0, -2),
(467, '1104-017', 7, 0, -2),
(468, '1104-018', 7, 0, -2),
(469, '1104-019', 7, 0, -2),
(470, '1104-020', 7, 0, -2),
(471, '1104-021', 7, 0, -2),
(472, '1104-022', 7, 0, -2),
(473, '1104-023', 7, 0, -2),
(474, '1104-024', 7, 0, -2),
(475, '1104-025', 7, 0, -2),
(476, '1104-026', 7, 0, -2),
(477, '1104-027', 7, 0, -2),
(478, '1104-028', 7, 0, -2),
(479, '1104-029', 7, 0, -2),
(480, '1104-030', 7, 0, -2),
(481, '1104-031', 7, 0, -2),
(482, '1104-032', 7, 0, -2),
(483, '1104-033', 7, 0, -2),
(484, '1104-034', 7, 0, -2),
(485, '1104-035', 7, 0, -2),
(486, '1104-036', 7, 0, -2),
(487, '1104-037', 7, 0, -2),
(488, '1104-038', 7, 0, -2),
(489, '1104-039', 7, 0, -2),
(490, '1104-040', 7, 0, -2),
(491, '1104-041', 7, 0, -2),
(492, '1104-042', 7, 0, -2),
(493, '1104-043', 7, 0, -2),
(494, '1104-044', 7, 0, -2),
(495, '1104-045', 7, 0, -2),
(496, '1104-046', 7, 0, -2),
(497, '1104-047', 7, 0, -2),
(498, '1104-048', 7, 0, -2),
(499, '1104-049', 7, 0, -2),
(500, '1104-050', 7, 0, -2),
(501, '1104-001', 7, 0, -2),
(502, '1104-002', 7, 0, -2),
(503, '1104-003', 7, 0, -2),
(504, '1104-004', 7, 0, -2),
(505, '1104-005', 7, 0, -2),
(506, '1104-006', 7, 0, -2),
(507, '1104-007', 7, 0, -2),
(508, '1104-008', 7, 0, -2),
(509, '1104-009', 7, 0, -2),
(510, '1104-010', 7, 0, -2),
(511, '1104-011', 7, 0, -2),
(512, '1104-012', 7, 0, -2),
(513, '1104-013', 7, 0, -2),
(514, '1104-014', 7, 0, -2),
(515, '1104-015', 7, 0, -2),
(516, '1104-016', 7, 0, -2),
(517, '1104-017', 7, 0, -2),
(518, '1104-018', 7, 0, -2),
(519, '1104-019', 7, 0, -2),
(520, '1104-020', 7, 0, -2),
(521, '1104-021', 7, 0, -2),
(522, '1104-022', 7, 0, -2),
(523, '1104-023', 7, 0, -2),
(524, '1104-024', 7, 0, -2),
(525, '1104-025', 7, 0, -2),
(526, '1104-026', 7, 0, -2),
(527, '1104-027', 7, 0, -2),
(528, '1104-028', 7, 0, -2),
(529, '1104-029', 7, 0, -2),
(530, '1104-030', 7, 0, -2),
(531, '1104-031', 7, 0, -2),
(532, '1104-032', 7, 0, -2),
(533, '1104-033', 7, 0, -2),
(534, '1104-034', 7, 0, -2),
(535, '1104-035', 7, 0, -2),
(536, '1104-036', 7, 0, -2),
(537, '1104-037', 7, 0, -2),
(538, '1104-038', 7, 0, -2),
(539, '1104-039', 7, 0, -2),
(540, '1104-040', 7, 0, -2),
(541, '1104-041', 7, 0, -2),
(542, '1104-042', 7, 0, -2),
(543, '1104-043', 7, 0, -2),
(544, '1104-044', 7, 0, -2),
(545, '1104-045', 7, 0, -2),
(546, '1104-046', 7, 0, -2),
(547, '1104-047', 7, 0, -2),
(548, '1104-048', 7, 0, -2),
(549, '1104-049', 7, 0, -2),
(550, '1104-050', 7, 0, -2),
(551, '1104-001', 7, 0, -2),
(552, '1104-002', 7, 0, -2),
(553, '1104-003', 7, 0, -2),
(554, '1104-004', 7, 0, -2),
(555, '1104-005', 7, 0, -2),
(556, '1104-006', 7, 0, -2),
(557, '1104-007', 7, 0, -2),
(558, '1104-008', 7, 0, -2),
(559, '1104-009', 7, 0, -2),
(560, '1104-010', 7, 0, -2),
(561, '1104-011', 7, 0, -2),
(562, '1104-012', 7, 0, -2),
(563, '1104-013', 7, 0, -2),
(564, '1104-014', 7, 0, -2),
(565, '1104-015', 7, 0, -2),
(566, '1104-016', 7, 0, -2),
(567, '1104-017', 7, 0, -2),
(568, '1104-018', 7, 0, -2),
(569, '1104-019', 7, 0, -2),
(570, '1104-020', 7, 0, -2),
(571, '1104-021', 7, 0, -2),
(572, '1104-022', 7, 0, -2),
(573, '1104-023', 7, 0, -2),
(574, '1104-024', 7, 0, -2),
(575, '1104-025', 7, 0, -2),
(576, '1104-026', 7, 0, -2),
(577, '1104-027', 7, 0, -2),
(578, '1104-028', 7, 0, -2),
(579, '1104-029', 7, 0, -2),
(580, '1104-030', 7, 0, -2),
(581, '1104-031', 7, 0, -2),
(582, '1104-032', 7, 0, -2),
(583, '1104-033', 7, 0, -2),
(584, '1104-034', 7, 0, -2),
(585, '1104-035', 7, 0, -2),
(586, '1104-036', 7, 0, -2),
(587, '1104-037', 7, 0, -2),
(588, '1104-038', 7, 0, -2),
(589, '1104-039', 7, 0, -2),
(590, '1104-040', 7, 0, -2),
(591, '1104-041', 7, 0, -2),
(592, '1104-042', 7, 0, -2),
(593, '1104-043', 7, 0, -2),
(594, '1104-044', 7, 0, -2),
(595, '1104-045', 7, 0, -2),
(596, '1104-046', 7, 0, -2),
(597, '1104-047', 7, 0, -2),
(598, '1104-048', 7, 0, -2),
(599, '1104-049', 7, 0, -2),
(600, '1104-050', 7, 0, -2),
(601, '1104-001', 7, 0, -2),
(602, '1104-002', 7, 0, -2),
(603, '1104-003', 7, 0, -2),
(604, '1104-004', 7, 0, -2),
(605, '1104-005', 7, 0, -2),
(606, '1104-006', 7, 0, -2),
(607, '1104-007', 7, 0, -2),
(608, '1104-008', 7, 0, -2),
(609, '1104-009', 7, 0, -2),
(610, '1104-010', 7, 0, -2),
(611, '1104-011', 7, 0, -2),
(612, '1104-012', 7, 0, -2),
(613, '1104-013', 7, 0, -2),
(614, '1104-014', 7, 0, -2),
(615, '1104-015', 7, 0, -2),
(616, '1104-016', 7, 0, -2),
(617, '1104-017', 7, 0, -2),
(618, '1104-018', 7, 0, -2),
(619, '1104-019', 7, 0, -2),
(620, '1104-020', 7, 0, -2),
(621, '1104-021', 7, 0, -2),
(622, '1104-022', 7, 0, -2),
(623, '1104-023', 7, 0, -2),
(624, '1104-024', 7, 0, -2),
(625, '1104-025', 7, 0, -2),
(626, '1104-026', 7, 0, -2),
(627, '1104-027', 7, 0, -2),
(628, '1104-028', 7, 0, -2),
(629, '1104-029', 7, 0, -2),
(630, '1104-030', 7, 0, -2),
(631, '1104-031', 7, 0, -2),
(632, '1104-032', 7, 0, -2),
(633, '1104-033', 7, 0, -2),
(634, '1104-034', 7, 0, -2),
(635, '1104-035', 7, 0, -2),
(636, '1104-036', 7, 0, -2),
(637, '1104-037', 7, 0, -2),
(638, '1104-038', 7, 0, -2),
(639, '1104-039', 7, 0, -2),
(640, '1104-040', 7, 0, -2),
(641, '1104-041', 7, 0, -2),
(642, '1104-042', 7, 0, -2),
(643, '1104-043', 7, 0, -2),
(644, '1104-044', 7, 0, -2),
(645, '1104-045', 7, 0, -2),
(646, '1104-046', 7, 0, -2),
(647, '1104-047', 7, 0, -2),
(648, '1104-048', 7, 0, -2),
(649, '1104-049', 7, 0, -2),
(650, '1104-050', 7, 0, -2),
(651, '1104-001', 7, 0, -2),
(652, '1104-002', 7, 0, -2),
(653, '1104-003', 7, 0, -2),
(654, '1104-004', 7, 0, -2),
(655, '1104-005', 7, 0, -2),
(656, '1104-006', 7, 0, -2),
(657, '1104-007', 7, 0, -2),
(658, '1104-008', 7, 0, -2),
(659, '1104-009', 7, 0, -2),
(660, '1104-010', 7, 0, -2),
(661, '1102-001', 5, 0, -2),
(662, '1102-002', 5, 0, -2),
(663, '1102-003', 5, 0, -2),
(664, '1102-004', 5, 0, -2),
(665, '1102-005', 5, 0, -2),
(666, '1102-006', 5, 0, -2),
(667, '1102-007', 5, 0, -2),
(668, '1102-008', 5, 0, -2),
(669, '1102-009', 5, 0, -2),
(670, '1102-010', 5, 0, -2),
(671, '1102-011', 5, 0, -2),
(672, '1102-012', 5, 0, -2),
(673, '1102-013', 5, 0, -2),
(674, '1102-014', 5, 0, -2),
(675, '1102-015', 5, 0, -2),
(676, '1102-016', 5, 0, -2),
(677, '1102-017', 5, 0, -2),
(678, '1102-018', 5, 0, -2),
(679, '1102-019', 5, 0, -2),
(680, '1102-020', 5, 0, -2),
(681, '1102-021', 5, 0, -2),
(682, '1102-022', 5, 0, -2),
(683, '1102-023', 5, 0, -2),
(684, '1102-024', 5, 0, -2),
(685, '1102-025', 5, 0, -2),
(686, '1102-026', 5, 0, -2),
(687, '1102-027', 5, 0, -2),
(688, '1102-028', 5, 0, -2),
(689, '1102-029', 5, 0, -2),
(690, '1102-030', 5, 0, -2),
(691, '1102-031', 5, 0, -2),
(692, '1102-032', 5, 0, -2),
(693, '1102-033', 5, 0, -2),
(694, '1102-034', 5, 0, -2),
(695, '1102-035', 5, 0, -2),
(696, '1102-036', 5, 0, -2),
(697, '1102-037', 5, 0, -2),
(698, '1102-038', 5, 0, -2),
(699, '1102-039', 5, 0, -2),
(700, '1102-040', 5, 0, -2),
(701, '1102-041', 5, 0, -2),
(702, '1102-042', 5, 0, -2),
(703, '1102-043', 5, 0, -2),
(704, '1102-044', 5, 0, -2),
(705, '1102-045', 5, 0, -2),
(706, '1102-046', 5, 0, -2),
(707, '1102-047', 5, 0, -2),
(708, '1102-048', 5, 0, -2),
(709, '1102-049', 5, 0, -2),
(710, '1102-050', 5, 0, -2),
(711, '1102-050', 5, 0, -2),
(712, '1102-051', 5, 0, -2),
(713, '1102-052', 5, 0, -2),
(714, '1102-053', 5, 0, -2),
(715, '1102-054', 5, 0, -2),
(716, '1102-055', 5, 0, -2),
(717, '1102-056', 5, 0, -2),
(718, '1102-057', 5, 0, -2),
(719, '1102-058', 5, 0, -2),
(720, '1102-059', 5, 0, -2),
(721, '1102-060', 5, 0, -2),
(722, '1103-001', 6, 0, -2),
(723, '1103-002', 6, 0, -2),
(724, '1103-003', 6, 0, -2),
(725, '1103-004', 6, 0, -2),
(726, '1103-005', 6, 0, -2),
(727, '1103-006', 6, 0, -2),
(728, '1103-007', 6, 0, -2),
(729, '1103-008', 6, 0, -2),
(730, '1103-009', 6, 0, -2),
(731, '1103-010', 6, 0, -2),
(732, '1103-011', 6, 0, -2),
(733, '1103-012', 6, 0, -2),
(734, '1103-013', 6, 0, -2),
(735, '1103-014', 6, 0, -2),
(736, '1103-015', 6, 0, -2),
(737, '1103-016', 6, 0, -2),
(738, '1103-017', 6, 0, -2),
(739, '1103-018', 6, 0, -2),
(740, '1103-019', 6, 0, -2),
(741, '1103-020', 6, 0, -2),
(742, '1103-021', 6, 0, -2),
(743, '1103-022', 6, 0, -2),
(744, '1103-023', 6, 0, -2),
(745, '1103-024', 6, 0, -2),
(746, '1103-025', 6, 0, -2),
(747, '1103-026', 6, 0, -2),
(748, '1103-027', 6, 0, -2),
(749, '1103-028', 6, 0, -2),
(750, '1103-029', 6, 0, -2),
(751, '1103-030', 6, 0, -2),
(752, '1103-031', 6, 0, -2),
(753, '1103-032', 6, 0, -2),
(754, '1103-033', 6, 0, -2),
(755, '1103-034', 6, 0, -2),
(756, '1103-035', 6, 0, -2),
(757, '1103-036', 6, 0, -2),
(758, '1103-037', 6, 0, -2),
(759, '1103-038', 6, 0, -2),
(760, '1103-039', 6, 0, -2),
(761, '1103-040', 6, 0, -2),
(762, '1103-041', 6, 0, -2),
(763, '1103-042', 6, 0, -2),
(764, '1103-043', 6, 0, -2),
(765, '1103-044', 6, 0, -2),
(766, '1103-045', 6, 0, -2),
(767, '1103-046', 6, 0, -2),
(768, '1103-047', 6, 0, -2),
(769, '1103-048', 6, 0, -2),
(770, '1103-049', 6, 0, -2),
(771, '1103-050', 6, 0, -2),
(772, '1103-050', 6, 0, -2),
(773, '1103-051', 6, 0, -2),
(774, '1103-052', 6, 0, -2),
(775, '1103-053', 6, 0, -2),
(776, '1103-054', 6, 0, -2),
(777, '1103-055', 6, 0, -2),
(778, '1103-056', 6, 0, -2),
(779, '1103-057', 6, 0, -2),
(780, '1103-058', 6, 0, -2),
(781, '1103-059', 6, 0, -2),
(782, '1103-060', 6, 0, -2),
(783, '1110-001', 13, 0, -2),
(784, '1110-002', 13, 0, -2),
(785, '1110-003', 13, 0, -2),
(786, '1110-004', 13, 0, -2),
(787, '1110-005', 13, 0, -2),
(788, '1110-006', 13, 0, -2),
(789, '1110-007', 13, 0, -2),
(790, '1110-008', 13, 0, -2),
(791, '1110-009', 13, 0, -2),
(792, '1110-010', 13, 0, -2),
(793, '1110-011', 13, 0, -2),
(794, '1110-012', 13, 0, -2),
(795, '1110-013', 13, 0, -2),
(796, '1110-014', 13, 0, -2),
(797, '1110-015', 13, 0, -2),
(798, '1110-016', 13, 0, -2),
(799, '1110-017', 13, 0, -2),
(800, '1110-018', 13, 0, -2),
(801, '1110-019', 13, 0, -2),
(802, '1110-020', 13, 0, -2),
(803, '1110-021', 13, 0, -2),
(804, '1110-022', 13, 0, -2),
(805, '1110-023', 13, 0, -2),
(806, '1110-024', 13, 0, -2),
(807, '1110-025', 13, 0, -2),
(808, '1110-026', 13, 0, -2),
(809, '1110-027', 13, 0, -2),
(810, '1110-028', 13, 0, -2),
(811, '1110-029', 13, 0, -2),
(812, '1110-030', 13, 0, -2),
(813, '1110-031', 13, 0, -2),
(814, '1110-032', 13, 0, -2),
(815, '1110-033', 13, 0, -2),
(816, '1110-034', 13, 0, -2),
(817, '1110-035', 13, 0, -2),
(818, '1110-036', 13, 0, -2),
(819, '1110-037', 13, 0, -2),
(820, '1110-038', 13, 0, -2),
(821, '1110-039', 13, 0, -2),
(822, '1110-040', 13, 0, -2),
(823, '1110-041', 13, 0, -2),
(824, '1110-042', 13, 0, -2),
(825, '1110-043', 13, 0, -2),
(826, '1110-044', 13, 0, -2),
(827, '1110-045', 13, 0, -2),
(828, '1110-046', 13, 0, -2),
(829, '1110-047', 13, 0, -2),
(830, '1110-048', 13, 0, -2),
(831, '1110-049', 13, 0, -2),
(832, '1110-050', 13, 0, -2),
(833, '1110-051', 13, 0, -2),
(834, '1110-052', 13, 0, -2),
(835, '1110-053', 13, 0, -2),
(836, '1110-054', 13, 0, -2),
(837, '1110-055', 13, 0, -2),
(838, '1110-056', 13, 0, -2),
(839, '1110-057', 13, 0, -2),
(840, '1110-058', 13, 0, -2),
(841, '1110-059', 13, 0, -2),
(842, '1110-060', 13, 0, -2),
(843, '1110-061', 13, 0, -2),
(844, '1110-061', 13, 0, -2),
(845, '1110-062', 13, 0, -2),
(846, '1110-063', 13, 0, -2),
(847, '1110-064', 13, 0, -2),
(848, '1110-065', 13, 0, -2),
(849, '1110-066', 13, 0, -2),
(850, '1110-067', 13, 0, -2),
(851, '1110-068', 13, 0, -2),
(852, '1110-069', 13, 0, -2),
(853, '1110-070', 13, 0, -2),
(854, '1109-001', 12, 0, -2),
(855, '1109-002', 12, 0, -2),
(856, '1109-003', 12, 0, -2),
(857, '1109-004', 12, 0, -2),
(858, '1109-005', 12, 0, -2),
(859, '1109-006', 12, 0, -2),
(860, '1109-007', 12, 0, -2),
(861, '1109-008', 12, 0, -2),
(862, '1109-009', 12, 0, -2),
(863, '1109-010', 12, 0, -2),
(864, '1109-010', 12, 0, -2),
(865, '1109-011', 12, 0, -2),
(866, '1109-012', 12, 0, -2),
(867, '1109-013', 12, 0, -2),
(868, '1109-014', 12, 0, -2),
(869, '1109-015', 12, 0, -2),
(870, '1109-016', 12, 0, -2),
(871, '1109-017', 12, 0, -2),
(872, '1109-018', 12, 0, -2),
(873, '1109-019', 12, 0, -2),
(874, '1109-020', 12, 0, -2),
(875, '1108-001', 11, 0, -2),
(876, '1108-002', 11, 0, -2),
(877, '1108-003', 11, 0, -2),
(878, '1108-004', 11, 0, -2),
(879, '1108-005', 11, 0, -2),
(880, '1108-006', 11, 0, -2),
(881, '1108-007', 11, 0, -2),
(882, '1108-008', 11, 0, -2),
(883, '1108-009', 11, 0, -2),
(884, '1108-010', 11, 0, -2),
(885, '1108-011', 11, 0, -2),
(886, '1108-012', 11, 0, -2),
(887, '1108-013', 11, 0, -2),
(888, '1108-014', 11, 0, -2),
(889, '1108-015', 11, 0, -2),
(890, '1108-016', 11, 0, -2),
(891, '1108-017', 11, 0, -2),
(892, '1108-018', 11, 0, -2),
(893, '1108-019', 11, 0, -2),
(894, '1108-020', 11, 0, -2),
(895, '1108-021', 11, 0, -2),
(896, '1108-022', 11, 0, -2),
(897, '1108-023', 11, 0, -2),
(898, '1108-024', 11, 0, -2),
(899, '1108-025', 11, 0, -2),
(900, '1108-026', 11, 0, -2),
(901, '1108-027', 11, 0, -2),
(902, '1108-028', 11, 0, -2),
(903, '1108-029', 11, 0, -2),
(904, '1108-030', 11, 0, -2),
(905, '1108-031', 11, 0, -2),
(906, '1108-032', 11, 0, -2),
(907, '1108-033', 11, 0, -2),
(908, '1108-034', 11, 0, -2),
(909, '1108-035', 11, 0, -2),
(910, '1108-036', 11, 0, -2),
(911, '1108-037', 11, 0, -2),
(912, '1108-038', 11, 0, -2),
(913, '1108-039', 11, 0, -2),
(914, '1108-040', 11, 0, -2),
(915, '1108-041', 11, 0, -2),
(916, '1108-042', 11, 0, -2),
(917, '1108-043', 11, 0, -2),
(918, '1108-044', 11, 0, -2),
(919, '1108-045', 11, 0, -2),
(920, '1108-046', 11, 0, -2),
(921, '1108-047', 11, 0, -2),
(922, '1108-048', 11, 0, -2),
(923, '1108-049', 11, 0, -2),
(924, '1108-050', 11, 0, -2),
(926, '1201-050', 14, 0, -2),
(927, '1201-050', 14, 0, -2),
(928, '1201-051', 14, 0, -2),
(929, '1201-053', 14, 0, -2),
(933, '1202-202', 15, 0, -2),
(934, '1202-203', 15, 0, -2),
(935, '1202-204', 15, 0, -2),
(936, '1202-205', 15, 0, -2),
(937, '1202-206', 15, 0, -2),
(938, '1202-207', 15, 0, -2),
(939, '1202-208', 15, 0, -2),
(940, '1202-209', 15, 0, -2),
(941, '1202-210', 15, 0, -2),
(942, '1202-211', 15, 0, -2),
(943, '1202-212', 15, 0, -2),
(944, '1202-213', 15, 0, -2),
(945, '1202-214', 15, 0, -2),
(946, '1202-215', 15, 0, -2),
(947, '1202-216', 15, 0, -2),
(948, '1202-217', 15, 0, -2),
(949, '1202-218', 15, 0, -2),
(950, '1202-219', 15, 0, -2),
(951, '1202-220', 15, 0, -2),
(952, '1202-220', 15, 0, -2),
(953, '1202-222', 15, 0, -2),
(954, '2101-001', 94, 0, -2),
(955, '2101-002', 94, 0, -2),
(956, '2101-003', 94, 0, -2),
(957, '2101-004', 94, 0, -2),
(958, '2101-005', 94, 0, -2),
(959, '2101-006', 94, 0, -2),
(960, '2101-007', 94, 0, -2),
(961, '2101-008', 94, 0, -2),
(962, '2101-009', 94, 0, -2),
(963, '2101-010', 94, 0, -2),
(965, '2101-011', 94, 0, -2),
(966, '2101-012', 94, 0, -2),
(967, '2101-013', 94, 0, -2),
(968, '2101-014', 94, 0, -2),
(969, '2101-015', 94, 0, -2),
(970, '2101-016', 94, 0, -2),
(971, '2101-017', 94, 0, -2),
(972, '2101-018', 94, 0, -2),
(973, '2101-019', 94, 0, -2),
(974, '2101-020', 94, 0, -2),
(975, '2101-021', 94, 0, -2),
(976, '2101-022', 94, 0, -2),
(977, '2101-023', 94, 0, -2),
(978, '2101-024', 94, 0, -2),
(979, '2101-025', 94, 0, -2),
(980, '2101-026', 94, 0, -2),
(981, '2101-027', 94, 0, -2),
(982, '2101-028', 94, 0, -2),
(983, '2101-029', 94, 0, -2),
(984, '2101-030', 94, 0, -2),
(985, '1101-001', 267, 0, -1),
(986, '1101-002', 267, 0, -1),
(987, '1101-003', 267, 0, -1),
(988, '1101-004', 267, 0, -1),
(989, '1101-005', 267, 0, -1),
(990, '1101-006', 267, 0, -1),
(991, '1101-007', 267, 0, -1),
(992, '1101-008', 267, 0, -1),
(993, '1101-009', 267, 0, -1),
(994, '1101-010', 267, 0, -1),
(995, '1101-011', 267, 0, -1),
(996, '1101-012', 267, 0, -1),
(997, '1101-013', 267, 0, -1),
(998, '1101-014', 267, 0, -1),
(999, '1101-015', 267, 0, -1),
(1000, '1101-016', 267, 0, -1),
(1001, '1101-017', 267, 0, -1),
(1002, '1101-018', 267, 0, -1),
(1003, '1101-019', 267, 0, -1),
(1004, '1101-020', 267, 0, -1),
(1005, '1101-021', 267, 0, -1),
(1006, '1101-022', 267, 0, -1),
(1007, '1101-023', 267, 0, -1),
(1008, '1101-024', 267, 0, -1),
(1009, '1101-025', 267, 0, -1),
(1010, '1101-026', 267, 0, -1),
(1011, '1101-027', 267, 0, -1),
(1012, '1101-028', 267, 0, -1),
(1013, '1101-029', 267, 0, -1),
(1014, '1101-030', 267, 0, -1),
(1015, '1101-031', 267, 0, -1),
(1016, '1101-032', 267, 0, -1),
(1017, '1101-033', 267, 0, -1),
(1018, '1101-034', 267, 0, -1),
(1019, '1101-035', 267, 0, -1),
(1020, '1101-036', 267, 0, -1),
(1021, '1101-037', 267, 0, -1),
(1022, '1101-038', 267, 0, -1),
(1023, '1101-039', 267, 0, -1),
(1024, '1101-040', 267, 0, -1),
(1025, '1101-041', 267, 0, -1),
(1026, '1101-042', 267, 0, -1),
(1027, '1101-043', 267, 0, -1),
(1028, '1101-044', 267, 0, -1),
(1029, '1101-045', 267, 0, -1),
(1030, '1101-046', 267, 0, -1),
(1031, '1101-047', 267, 0, -1),
(1032, '1101-048', 267, 0, -1),
(1033, '1101-049', 267, 0, -1),
(1034, '1101-050', 267, 0, -1),
(1035, '1101-051', 267, 0, -1),
(1036, '1101-052', 267, 0, -1),
(1037, '1101-053', 267, 0, -1),
(1038, '1101-054', 267, 0, -1),
(1039, '1101-055', 267, 0, -1),
(1040, '1101-056', 267, 0, -1),
(1041, '1101-057', 267, 0, -1),
(1042, '1101-058', 267, 0, -1),
(1043, '1101-059', 267, 0, -1),
(1044, '1101-060', 267, 0, -1),
(1045, '1101-061', 267, 0, -1),
(1046, '1101-062', 267, 0, -1),
(1047, '1101-063', 267, 0, -1),
(1048, '1101-064', 267, 0, -1),
(1049, '1101-065', 267, 0, -1),
(1050, '1101-066', 267, 0, -1),
(1051, '1101-067', 267, 0, -1),
(1052, '1101-068', 267, 0, -1),
(1053, '1101-069', 267, 0, -1),
(1054, '1101-070', 267, 0, -1),
(1055, '1102-001', 268, 0, -1),
(1056, '1102-002', 268, 0, -1),
(1057, '1102-003', 268, 0, -1),
(1058, '1102-004', 268, 0, -1),
(1059, '1102-005', 268, 0, -1),
(1060, '1102-006', 268, 0, -1),
(1061, '1102-007', 268, 0, -1),
(1062, '1102-008', 268, 0, -1),
(1063, '1102-009', 268, 0, -1),
(1064, '1102-010', 268, 0, -1),
(1065, '1102-011', 268, 0, -1),
(1066, '1102-012', 268, 0, -1),
(1067, '1102-013', 268, 0, -1),
(1068, '1102-014', 268, 0, -1),
(1069, '1102-015', 268, 0, -1),
(1070, '1102-016', 268, 0, -1),
(1071, '1102-017', 268, 0, -1),
(1072, '1102-018', 268, 0, -1),
(1073, '1102-019', 268, 0, -1),
(1074, '1102-020', 268, 0, -1),
(1075, '1102-021', 268, 0, -1),
(1076, '1102-022', 268, 0, -1),
(1077, '1102-023', 268, 0, -1),
(1078, '1102-024', 268, 0, -1),
(1079, '1102-025', 268, 0, -1),
(1080, '1102-026', 268, 0, -1),
(1081, '1102-027', 268, 0, -1),
(1082, '1102-028', 268, 0, -1),
(1083, '1102-029', 268, 0, -1),
(1084, '1102-030', 268, 0, -1),
(1085, '1102-031', 268, 0, -1),
(1086, '1102-032', 268, 0, -1),
(1087, '1102-033', 268, 0, -1),
(1088, '1102-034', 268, 0, -1),
(1089, '1102-035', 268, 0, -1),
(1090, '1102-036', 268, 0, -1),
(1091, '1102-037', 268, 0, -1),
(1092, '1102-038', 268, 0, -1),
(1093, '1102-039', 268, 0, -1),
(1094, '1102-040', 268, 0, -1),
(1095, '1102-041', 268, 0, -1),
(1096, '1102-042', 268, 0, -1),
(1097, '1102-043', 268, 0, -1),
(1098, '1102-044', 268, 0, -1),
(1099, '1102-045', 268, 0, -1),
(1100, '1102-046', 268, 0, -1),
(1101, '1102-047', 268, 0, -1),
(1102, '1102-048', 268, 0, -1),
(1103, '1102-049', 268, 0, -1),
(1104, '1102-050', 268, 0, -1),
(1105, '1102-051', 268, 0, -1),
(1106, '1102-052', 268, 0, -1),
(1107, '1102-053', 268, 0, -1),
(1108, '1102-054', 268, 0, -1),
(1109, '1102-055', 268, 0, -1),
(1110, '1102-056', 268, 0, -1),
(1111, '1102-057', 268, 0, -1),
(1112, '1102-058', 268, 0, -1),
(1113, '1102-059', 268, 0, -1),
(1115, '1105-001', 271, 0, -1),
(1116, '1105-002', 271, 0, -1),
(1117, '1105-003', 271, 0, -1),
(1118, '1105-004', 271, 0, -1),
(1119, '1105-005', 271, 0, -1),
(1120, '1105-006', 271, 0, -1),
(1121, '1105-007', 271, 0, -1),
(1122, '1105-008', 271, 0, -1),
(1123, '1105-009', 271, 0, -1),
(1124, '1105-010', 271, 0, -1),
(1125, '1105-011', 271, 0, -1),
(1126, '1105-012', 271, 0, -1),
(1127, '1105-013', 271, 0, -1),
(1128, '1105-014', 271, 0, -1),
(1129, '1105-015', 271, 0, -1),
(1130, '1105-016', 271, 0, -1),
(1131, '1105-017', 271, 0, -1),
(1132, '1105-018', 271, 0, -1),
(1133, '1105-019', 271, 0, -1),
(1134, '1105-020', 271, 0, -1),
(1135, '1105-021', 271, 0, -1),
(1136, '1105-022', 271, 0, -1),
(1137, '1105-023', 271, 0, -1),
(1138, '1105-024', 271, 0, -1),
(1139, '1105-025', 271, 0, -1),
(1140, '1105-026', 271, 0, -1),
(1141, '1105-027', 271, 0, -1),
(1142, '1105-028', 271, 0, -1),
(1143, '1105-029', 271, 0, -1),
(1144, '1105-030', 271, 0, -1),
(1145, '1105-031', 271, 0, -1),
(1146, '1105-032', 271, 0, -1),
(1147, '1105-033', 271, 0, -1),
(1148, '1105-034', 271, 0, -1),
(1149, '1105-035', 271, 0, -1),
(1150, '1105-036', 271, 0, -1),
(1151, '1105-037', 271, 0, -1),
(1152, '1105-038', 271, 0, -1),
(1153, '1105-039', 271, 0, -1),
(1154, '1105-040', 271, 0, -1),
(1155, '1105-041', 271, 0, -1),
(1156, '1105-042', 271, 0, -1),
(1157, '1105-043', 271, 0, -1),
(1158, '1105-044', 271, 0, -1),
(1159, '1105-045', 271, 0, -1),
(1160, '1105-046', 271, 0, -1),
(1161, '1105-047', 271, 0, -1),
(1162, '1105-048', 271, 0, -1),
(1163, '1105-049', 271, 0, -1),
(1164, '1105-050', 271, 0, -1),
(1165, '1103-001', 269, 0, -1),
(1166, '1103-002', 269, 0, -1),
(1167, '1103-003', 269, 0, -1),
(1168, '1103-004', 269, 0, -1),
(1169, '1103-005', 269, 0, -1),
(1170, '1103-006', 269, 0, -1),
(1171, '1103-007', 269, 0, -1),
(1172, '1103-008', 269, 0, -1),
(1173, '1103-009', 269, 0, -1),
(1174, '1103-010', 269, 0, -1),
(1175, '1103-011', 269, 0, -1),
(1176, '1103-012', 269, 0, -1),
(1177, '1103-013', 269, 0, -1),
(1178, '1103-014', 269, 0, -1),
(1179, '1103-015', 269, 0, -1),
(1180, '1103-016', 269, 0, -1),
(1181, '1103-017', 269, 0, -1),
(1182, '1103-018', 269, 0, -1),
(1183, '1103-019', 269, 0, -1),
(1184, '1103-020', 269, 0, -1),
(1185, '1103-021', 269, 0, -1),
(1186, '1103-022', 269, 0, -1),
(1187, '1103-023', 269, 0, -1),
(1188, '1103-024', 269, 0, -1),
(1189, '1103-025', 269, 0, -1),
(1190, '1103-026', 269, 0, -1),
(1191, '1103-027', 269, 0, -1),
(1192, '1103-028', 269, 0, -1),
(1193, '1103-029', 269, 0, -1),
(1194, '1103-030', 269, 0, -1),
(1195, '1103-031', 269, 0, -1),
(1196, '1103-032', 269, 0, -1),
(1197, '1103-033', 269, 0, -1),
(1198, '1103-034', 269, 0, -1),
(1199, '1103-035', 269, 0, -1),
(1200, '1103-036', 269, 0, -1),
(1201, '1103-037', 269, 0, -1),
(1202, '1103-038', 269, 0, -1),
(1203, '1103-039', 269, 0, -1),
(1204, '1103-040', 269, 0, -1),
(1205, '1103-041', 269, 0, -1),
(1206, '1103-042', 269, 0, -1),
(1207, '1103-043', 269, 0, -1),
(1208, '1103-044', 269, 0, -1),
(1209, '1103-045', 269, 0, -1),
(1210, '1103-046', 269, 0, -1),
(1211, '1103-047', 269, 0, -1),
(1212, '1103-048', 269, 0, -1),
(1213, '1103-049', 269, 0, -1),
(1215, '1201-001', 272, 0, 1),
(1216, '1201-002', 272, 0, 1),
(1217, '1201-003', 272, 0, 1),
(1218, '1201-004', 272, 0, 1),
(1219, '1201-005', 272, 0, 1),
(1220, '1201-006', 272, 0, 1),
(1221, '1201-007', 272, 0, 1),
(1222, '1201-008', 272, 0, 1),
(1223, '1201-009', 272, 0, 1),
(1224, '1201-010', 272, 0, 1),
(1225, '1201-011', 272, 0, 1),
(1226, '1201-012', 272, 0, 1),
(1227, '1201-013', 272, 0, 1),
(1228, '1201-014', 272, 0, 1),
(1229, '1201-015', 272, 0, 1),
(1230, '1201-016', 272, 0, 1),
(1231, '1201-017', 272, 0, 1),
(1232, '1201-018', 272, 0, 1),
(1233, '1201-019', 272, 0, 1),
(1234, '1201-020', 272, 0, 1),
(1235, '1201-021', 272, 0, 1),
(1236, '1201-022', 272, 0, 1),
(1237, '1201-023', 272, 0, 1),
(1238, '1201-024', 272, 0, 1),
(1239, '1201-025', 272, 0, 1),
(1240, '1201-026', 272, 0, 1),
(1241, '1201-027', 272, 0, 1),
(1242, '1201-028', 272, 0, 1),
(1243, '1201-029', 272, 0, 1),
(1244, '1201-030', 272, 0, 1),
(1245, '1201-031', 272, 0, 1),
(1246, '1201-032', 272, 0, 1),
(1247, '1201-033', 272, 0, 1),
(1248, '1201-034', 272, 0, 1),
(1249, '1201-035', 272, 0, 1),
(1250, '1201-036', 272, 0, 1),
(1251, '1201-037', 272, 0, 1),
(1252, '1201-038', 272, 0, 1),
(1253, '1201-039', 272, 0, 1),
(1254, '1201-040', 272, 0, 1),
(1255, '1201-041', 272, 0, 1),
(1256, '1201-042', 272, 0, 1),
(1257, '1201-043', 272, 0, 1),
(1258, '1201-044', 272, 0, 1),
(1259, '1201-045', 272, 0, 1),
(1260, '1201-046', 272, 0, 1),
(1261, '1201-047', 272, 0, 1),
(1262, '1201-048', 272, 0, 1),
(1263, '1201-049', 272, 0, 1),
(1264, '1201-050', 272, 0, 1),
(1265, '1201-051', 272, 0, 1),
(1266, '1201-052', 272, 0, 1),
(1267, '1201-053', 272, 0, 1),
(1268, '1201-054', 272, 0, 1),
(1269, '1201-055', 272, 0, 1),
(1270, '1201-056', 272, 0, 1),
(1271, '1201-057', 272, 0, 1),
(1272, '1201-058', 272, 0, 1),
(1273, '1201-059', 272, 0, 1),
(1274, '1201-060', 272, 0, 1),
(1275, '1201-061', 272, 0, 1),
(1276, '1201-062', 272, 0, 1),
(1277, '1201-063', 272, 0, 1),
(1278, '1201-064', 272, 0, 1),
(1279, '1201-065', 272, 0, 1),
(1280, '1201-066', 272, 0, 1),
(1281, '1201-067', 272, 0, 1),
(1282, '1201-068', 272, 0, 1),
(1283, '1201-069', 272, 0, 1),
(1284, '1201-070', 272, 0, 1),
(1285, '1201-071', 272, 0, 1),
(1286, '1201-072', 272, 0, 1),
(1287, '1201-073', 272, 0, 1),
(1288, '1201-074', 272, 0, 1),
(1289, '1201-075', 272, 0, 1),
(1290, '1201-076', 272, 0, 1),
(1291, '1201-077', 272, 0, 1),
(1292, '1201-078', 272, 0, 1),
(1293, '1201-079', 272, 0, 1),
(1294, '1201-080', 272, 0, 1),
(1295, '1202-001', 273, 0, 0),
(1296, '1202-002', 273, 0, 0),
(1297, '1202-003', 273, 0, 0),
(1298, '1202-004', 273, 0, 0),
(1299, '1202-005', 273, 0, 0),
(1300, '1202-006', 273, 0, 0),
(1301, '1202-007', 273, 0, 0),
(1302, '1202-008', 273, 0, 0),
(1303, '1202-009', 273, 0, 0),
(1304, '1202-010', 273, 0, 0),
(1305, '1207-001', 283, 0, -2),
(1306, '1207-002', 283, 0, -2),
(1307, '1207-003', 283, 0, -2),
(1308, '1207-004', 283, 0, -2),
(1309, '1207-005', 283, 0, -2),
(1310, '1207-006', 283, 0, -2),
(1311, '1207-007', 283, 0, -2),
(1312, '1207-008', 283, 0, -2),
(1313, '1207-009', 283, 0, -2),
(1314, '1207-010', 283, 0, -2),
(1315, '1207-011', 283, 0, -2),
(1316, '1207-012', 283, 0, -2),
(1317, '1207-013', 283, 0, -2),
(1318, '1207-014', 283, 0, -2),
(1319, '1207-015', 283, 0, -2),
(1320, '1207-016', 283, 0, -2),
(1321, '1207-017', 283, 0, -2),
(1322, '1207-018', 283, 0, -2),
(1323, '1207-019', 283, 0, -2),
(1324, '1207-020', 283, 0, -2),
(1325, '1207-021', 283, 0, -2),
(1326, '1207-022', 283, 0, -2),
(1327, '1207-023', 283, 0, -2),
(1328, '1207-024', 283, 0, -2),
(1329, '1207-025', 283, 0, -2),
(1330, '1207-026', 283, 0, -2),
(1331, '1207-027', 283, 0, -2),
(1332, '1207-028', 283, 0, -2),
(1333, '1207-029', 283, 0, -2),
(1334, '1207-030', 283, 0, -2),
(1335, '1207-031', 283, 0, -2),
(1336, '1207-032', 283, 0, -2),
(1337, '1207-033', 283, 0, -2),
(1338, '1207-034', 283, 0, -2),
(1339, '1207-035', 283, 0, -2),
(1340, '1207-036', 283, 0, -2),
(1341, '1207-037', 283, 0, -2),
(1342, '1207-038', 283, 0, -2),
(1343, '1207-039', 283, 0, -2),
(1344, '1207-040', 283, 0, -2),
(1345, '1207-041', 283, 0, -2),
(1346, '1207-042', 283, 0, -2),
(1347, '1207-043', 283, 0, -2),
(1348, '1207-044', 283, 0, -2),
(1349, '1207-045', 283, 0, -2),
(1350, '1207-046', 283, 0, -2),
(1351, '1207-047', 283, 0, -2),
(1352, '1207-048', 283, 0, -2),
(1353, '1207-049', 283, 0, -2);

-- --------------------------------------------------------

--
-- Table structure for table `conect_inventory_computer`
--

CREATE TABLE `conect_inventory_computer` (
  `Id` int(11) NOT NULL,
  `computerId` int(5) NOT NULL,
  `inventoryId` int(5) NOT NULL
) ENGINE=InnoDB DEFAULT CHARSET=utf8;

--
-- Dumping data for table `conect_inventory_computer`
--

INSERT INTO `conect_inventory_computer` (`Id`, `computerId`, `inventoryId`) VALUES
(58, 985, 4543),
(59, 985, 4193),
(62, 985, 4657),
(63, 1064, 4195),
(64, 1064, 4493),
(65, 985, 4544),
(66, 985, 4545),
(70, 986, 4210),
(71, 986, 4561),
(72, 985, 4212),
(73, 986, 4194),
(74, 988, 4497),
(75, 987, 4506),
(76, 991, 4559),
(77, 1165, 4546),
(78, 1115, 4196),
(79, 1115, 4547),
(80, 1215, 4200),
(81, 1215, 4656),
(84, 1295, 4213),
(85, 1295, 4563),
(86, 1345, 4562),
(87, 1305, 4211),
(88, 1305, 4548),
(89, 1305, 4494),
(90, 1216, 4549);

-- --------------------------------------------------------

--
-- Table structure for table `department`
--

CREATE TABLE `department` (
  `Id` int(11) NOT NULL,
  `title` varchar(50) NOT NULL
) ENGINE=InnoDB DEFAULT CHARSET=utf8;

--
-- Dumping data for table `department`
--

INSERT INTO `department` (`Id`, `title`) VALUES
(2, 'การบัญชี'),
(3, 'บริหารธุระกิจ'),
(20, 'เทคโนโลยีสารสนเทศ'),
(21, 'การตลาด'),
(22, 'การบัญชี');

-- --------------------------------------------------------

--
-- Table structure for table `inventory`
--

CREATE TABLE `inventory` (
  `Id` int(11) NOT NULL,
  `serial` varchar(50) NOT NULL,
  `name` varchar(255) NOT NULL,
  `brand_Id` int(2) NOT NULL,
  `category_Id` int(2) NOT NULL,
  `type_Id` int(2) NOT NULL,
  `unit_Id` int(2) NOT NULL,
  `status` int(2) NOT NULL
) ENGINE=InnoDB DEFAULT CHARSET=utf8;

--
-- Dumping data for table `inventory`
--

INSERT INTO `inventory` (`Id`, `serial`, `name`, `brand_Id`, `category_Id`, `type_Id`, `unit_Id`, `status`) VALUES
(4193, '2547-0000-example-0001', 'example', 2, 20, 5, 4, 1),
(4194, '2547-0000-example-0002', 'example', 2, 20, 5, 4, 1),
(4195, '2547-0000-example-0003', 'example', 2, 20, 5, 4, 1),
(4196, '2547-0000-example-0004', 'example', 2, 20, 5, 4, 1),
(4197, '2547-0000-example-0005', 'example', 2, 20, 5, 4, 0),
(4198, '2547-0000-example-0006', 'example', 2, 20, 5, 4, 0),
(4199, '2547-0000-example-0007', 'example', 2, 20, 5, 4, 0),
(4200, '2547-0000-example-0008', 'example', 2, 20, 5, 4, 1),
(4201, '2547-0000-example-0009', 'example', 2, 20, 5, 4, 0),
(4202, '2547-0000-example-0010', 'example', 2, 20, 5, 4, 0),
(4203, '2547-0000-example-0011', 'example', 2, 20, 5, 4, 0),
(4204, '2547-0000-example-0012', 'example', 2, 20, 5, 4, 0),
(4205, '2547-0000-example-0013', 'example', 2, 20, 5, 4, 0),
(4206, '2547-0000-example-0014', 'example', 2, 20, 5, 4, 0),
(4207, '2547-0000-example-0015', 'example', 2, 20, 5, 4, 0),
(4208, '2547-0000-example-0016', 'example', 2, 20, 5, 4, 0),
(4209, '2547-0000-example-0017', 'example', 2, 20, 5, 4, 0),
(4210, '2547-0000-example-0018', 'example', 2, 20, 5, 4, 1),
(4211, '2547-0000-example-0019', 'example', 2, 20, 5, 4, 1),
(4212, '2547-0000-example-0020', 'example', 2, 20, 5, 4, 1),
(4213, '2547-0000-example-0021', 'example', 2, 20, 5, 4, 1),
(4214, '2547-0000-example-0022', 'example', 2, 20, 5, 4, 0),
(4215, '2547-0000-example-0023', 'example', 2, 20, 5, 4, 0),
(4216, '2547-0000-example-0024', 'example', 2, 20, 5, 4, 0),
(4217, '2547-0000-example-0025', 'example', 2, 20, 5, 4, 0),
(4218, '2547-0000-example-0026', 'example', 2, 20, 5, 4, 0),
(4219, '2547-0000-example-0027', 'example', 2, 20, 5, 4, 0),
(4220, '2547-0000-example-0028', 'example', 2, 20, 5, 4, 0),
(4221, '2547-0000-example-0029', 'example', 2, 20, 5, 4, 0),
(4222, '2547-0000-example-0030', 'example', 2, 20, 5, 4, 0),
(4223, '2547-0000-example-0031', 'example', 2, 20, 5, 4, 0),
(4224, '2547-0000-example-0032', 'example', 2, 20, 5, 4, 0),
(4225, '2547-0000-example-0033', 'example', 2, 20, 5, 4, 0),
(4226, '2547-0000-example-0034', 'example', 2, 20, 5, 4, 0),
(4227, '2547-0000-example-0035', 'example', 2, 20, 5, 4, 0),
(4228, '2547-0000-example-0036', 'example', 2, 20, 5, 4, 0),
(4229, '2547-0000-example-0037', 'example', 2, 20, 5, 4, 0),
(4230, '2547-0000-example-0038', 'example', 2, 20, 5, 4, 0),
(4231, '2547-0000-example-0039', 'example', 2, 20, 5, 4, 0),
(4232, '2547-0000-example-0040', 'example', 2, 20, 5, 4, 0),
(4233, '2547-0000-example-0041', 'example', 2, 20, 5, 4, 0),
(4234, '2547-0000-example-0042', 'example', 2, 20, 5, 4, 0),
(4235, '2547-0000-example-0043', 'example', 2, 20, 5, 4, 0),
(4236, '2547-0000-example-0044', 'example', 2, 20, 5, 4, 0),
(4237, '2547-0000-example-0045', 'example', 2, 20, 5, 4, 0),
(4238, '2547-0000-example-0046', 'example', 2, 20, 5, 4, 0),
(4239, '2547-0000-example-0047', 'example', 2, 20, 5, 4, 0),
(4240, '2547-0000-example-0048', 'example', 2, 20, 5, 4, 0),
(4241, '2547-0000-example-0049', 'example', 2, 20, 5, 4, 0),
(4242, '2547-0000-example-0050', 'example', 2, 20, 5, 4, 0),
(4243, '2547-0000-example-0051', 'example', 2, 20, 5, 4, 0),
(4244, '2547-0000-example-0052', 'example', 2, 20, 5, 4, 0),
(4245, '2547-0000-example-0053', 'example', 2, 20, 5, 4, 0),
(4246, '2547-0000-example-0054', 'example', 2, 20, 5, 4, 0),
(4247, '2547-0000-example-0055', 'example', 2, 20, 5, 4, 0),
(4248, '2547-0000-example-0056', 'example', 2, 20, 5, 4, 0),
(4249, '2547-0000-example-0057', 'example', 2, 20, 5, 4, 0),
(4250, '2547-0000-example-0058', 'example', 2, 20, 5, 4, 0),
(4251, '2547-0000-example-0059', 'example', 2, 20, 5, 4, 0),
(4252, '2547-0000-example-0060', 'example', 2, 20, 5, 4, 0),
(4253, '2547-0000-example-0061', 'example', 2, 20, 5, 4, 0),
(4254, '2547-0000-example-0062', 'example', 2, 20, 5, 4, 0),
(4255, '2547-0000-example-0063', 'example', 2, 20, 5, 4, 0),
(4256, '2547-0000-example-0064', 'example', 2, 20, 5, 4, 0),
(4257, '2547-0000-example-0065', 'example', 2, 20, 5, 4, 0),
(4258, '2547-0000-example-0066', 'example', 2, 20, 5, 4, 0),
(4259, '2547-0000-example-0067', 'example', 2, 20, 5, 4, 0),
(4260, '2547-0000-example-0068', 'example', 2, 20, 5, 4, 0),
(4261, '2547-0000-example-0069', 'example', 2, 20, 5, 4, 0),
(4262, '2547-0000-example-0070', 'example', 2, 20, 5, 4, 0),
(4263, '2547-0000-example-0071', 'example', 2, 20, 5, 4, 0),
(4264, '2547-0000-example-0072', 'example', 2, 20, 5, 4, 0),
(4265, '2547-0000-example-0073', 'example', 2, 20, 5, 4, 0),
(4266, '2547-0000-example-0074', 'example', 2, 20, 5, 4, 0),
(4267, '2547-0000-example-0075', 'example', 2, 20, 5, 4, 0),
(4268, '2547-0000-example-0076', 'example', 2, 20, 5, 4, 0),
(4269, '2547-0000-example-0077', 'example', 2, 20, 5, 4, 0),
(4270, '2547-0000-example-0078', 'example', 2, 20, 5, 4, 0),
(4271, '2547-0000-example-0079', 'example', 2, 20, 5, 4, 0),
(4272, '2547-0000-example-0080', 'example', 2, 20, 5, 4, 0),
(4273, '2547-0000-example-0081', 'example', 2, 20, 5, 4, 0),
(4274, '2547-0000-example-0082', 'example', 2, 20, 5, 4, 0),
(4275, '2547-0000-example-0083', 'example', 2, 20, 5, 4, 0),
(4276, '2547-0000-example-0084', 'example', 2, 20, 5, 4, 0),
(4277, '2547-0000-example-0085', 'example', 2, 20, 5, 4, 0),
(4278, '2547-0000-example-0086', 'example', 2, 20, 5, 4, 0),
(4279, '2547-0000-example-0087', 'example', 2, 20, 5, 4, 0),
(4280, '2547-0000-example-0088', 'example', 2, 20, 5, 4, 0),
(4281, '2547-0000-example-0089', 'example', 2, 20, 5, 4, 0),
(4282, '2547-0000-example-0090', 'example', 2, 20, 5, 4, 0),
(4283, '2547-0000-example-0091', 'example', 2, 20, 5, 4, 0),
(4284, '2547-0000-example-0092', 'example', 2, 20, 5, 4, 0),
(4285, '2547-0000-example-0093', 'example', 2, 20, 5, 4, 0),
(4286, '2547-0000-example-0094', 'example', 2, 20, 5, 4, 0),
(4287, '2547-0000-example-0095', 'example', 2, 20, 5, 4, 0),
(4288, '2547-0000-example-0096', 'example', 2, 20, 5, 4, 0),
(4289, '2547-0000-example-0097', 'example', 2, 20, 5, 4, 0),
(4290, '2547-0000-example-0098', 'example', 2, 20, 5, 4, 0),
(4291, '2547-0000-example-0099', 'example', 2, 20, 5, 4, 0),
(4292, '2547-0000-example-0100', 'example', 2, 20, 5, 4, 0),
(4293, '2547-0000-example-0101', 'example', 2, 20, 5, 4, 0),
(4294, '2547-0000-example-0102', 'example', 2, 20, 5, 4, 0),
(4295, '2547-0000-example-0103', 'example', 2, 20, 5, 4, 0),
(4296, '2547-0000-example-0104', 'example', 2, 20, 5, 4, 0),
(4297, '2547-0000-example-0105', 'example', 2, 20, 5, 4, 0),
(4298, '2547-0000-example-0106', 'example', 2, 20, 5, 4, 0),
(4299, '2547-0000-example-0107', 'example', 2, 20, 5, 4, 0),
(4300, '2547-0000-example-0108', 'example', 2, 20, 5, 4, 0),
(4301, '2547-0000-example-0109', 'example', 2, 20, 5, 4, 0),
(4302, '2547-0000-example-0110', 'example', 2, 20, 5, 4, 0),
(4303, '2547-0000-example-0111', 'example', 2, 20, 5, 4, 0),
(4304, '2547-0000-example-0112', 'example', 2, 20, 5, 4, 0),
(4305, '2547-0000-example-0113', 'example', 2, 20, 5, 4, 0),
(4306, '2547-0000-example-0114', 'example', 2, 20, 5, 4, 0),
(4307, '2547-0000-example-0115', 'example', 2, 20, 5, 4, 0),
(4308, '2547-0000-example-0116', 'example', 2, 20, 5, 4, 0),
(4309, '2547-0000-example-0117', 'example', 2, 20, 5, 4, 0),
(4310, '2547-0000-example-0118', 'example', 2, 20, 5, 4, 0),
(4311, '2547-0000-example-0119', 'example', 2, 20, 5, 4, 0),
(4312, '2547-0000-example-0120', 'example', 2, 20, 5, 4, 0),
(4313, '2547-0000-example-0121', 'example', 2, 20, 5, 4, 0),
(4314, '2547-0000-example-0122', 'example', 2, 20, 5, 4, 0),
(4315, '2547-0000-example-0123', 'example', 2, 20, 5, 4, 0),
(4316, '2547-0000-example-0124', 'example', 2, 20, 5, 4, 0),
(4317, '2547-0000-example-0125', 'example', 2, 20, 5, 4, 0),
(4318, '2547-0000-example-0126', 'example', 2, 20, 5, 4, 0),
(4319, '2547-0000-example-0127', 'example', 2, 20, 5, 4, 0),
(4320, '2547-0000-example-0128', 'example', 2, 20, 5, 4, 0),
(4321, '2547-0000-example-0129', 'example', 2, 20, 5, 4, 0),
(4322, '2547-0000-example-0130', 'example', 2, 20, 5, 4, 0),
(4323, '2547-0000-example-0131', 'example', 2, 20, 5, 4, 0),
(4324, '2547-0000-example-0132', 'example', 2, 20, 5, 4, 0),
(4325, '2547-0000-example-0133', 'example', 2, 20, 5, 4, 0),
(4326, '2547-0000-example-0134', 'example', 2, 20, 5, 4, 0),
(4327, '2547-0000-example-0135', 'example', 2, 20, 5, 4, 0),
(4328, '2547-0000-example-0136', 'example', 2, 20, 5, 4, 0),
(4329, '2547-0000-example-0137', 'example', 2, 20, 5, 4, 0),
(4330, '2547-0000-example-0138', 'example', 2, 20, 5, 4, 0),
(4331, '2547-0000-example-0139', 'example', 2, 20, 5, 4, 0),
(4332, '2547-0000-example-0140', 'example', 2, 20, 5, 4, 0),
(4333, '2547-0000-example-0141', 'example', 2, 20, 5, 4, 0),
(4334, '2547-0000-example-0142', 'example', 2, 20, 5, 4, 0),
(4335, '2547-0000-example-0143', 'example', 2, 20, 5, 4, 0),
(4336, '2547-0000-example-0144', 'example', 2, 20, 5, 4, 0),
(4337, '2547-0000-example-0145', 'example', 2, 20, 5, 4, 0),
(4338, '2547-0000-example-0146', 'example', 2, 20, 5, 4, 0),
(4339, '2547-0000-example-0147', 'example', 2, 20, 5, 4, 0),
(4340, '2547-0000-example-0148', 'example', 2, 20, 5, 4, 0),
(4341, '2547-0000-example-0149', 'example', 2, 20, 5, 4, 0),
(4342, '2547-0000-example-0150', 'example', 2, 20, 5, 4, 0),
(4343, '2547-0000-example-0151', 'example', 2, 20, 5, 4, 0),
(4344, '2547-0000-example-0152', 'example', 2, 20, 5, 4, 0),
(4345, '2547-0000-example-0153', 'example', 2, 20, 5, 4, 0),
(4346, '2547-0000-example-0154', 'example', 2, 20, 5, 4, 0),
(4347, '2547-0000-example-0155', 'example', 2, 20, 5, 4, 0),
(4348, '2547-0000-example-0156', 'example', 2, 20, 5, 4, 0),
(4349, '2547-0000-example-0157', 'example', 2, 20, 5, 4, 0),
(4350, '2547-0000-example-0158', 'example', 2, 20, 5, 4, 0),
(4351, '2547-0000-example-0159', 'example', 2, 20, 5, 4, 0),
(4352, '2547-0000-example-0160', 'example', 2, 20, 5, 4, 0),
(4353, '2547-0000-example-0161', 'example', 2, 20, 5, 4, 0),
(4354, '2547-0000-example-0162', 'example', 2, 20, 5, 4, 0),
(4355, '2547-0000-example-0163', 'example', 2, 20, 5, 4, 0),
(4356, '2547-0000-example-0164', 'example', 2, 20, 5, 4, 0),
(4357, '2547-0000-example-0165', 'example', 2, 20, 5, 4, 0),
(4358, '2547-0000-example-0166', 'example', 2, 20, 5, 4, 0),
(4359, '2547-0000-example-0167', 'example', 2, 20, 5, 4, 0),
(4360, '2547-0000-example-0168', 'example', 2, 20, 5, 4, 0),
(4361, '2547-0000-example-0169', 'example', 2, 20, 5, 4, 0),
(4362, '2547-0000-example-0170', 'example', 2, 20, 5, 4, 0),
(4363, '2547-0000-example-0171', 'example', 2, 20, 5, 4, 0),
(4364, '2547-0000-example-0172', 'example', 2, 20, 5, 4, 0),
(4365, '2547-0000-example-0173', 'example', 2, 20, 5, 4, 0),
(4366, '2547-0000-example-0174', 'example', 2, 20, 5, 4, 0),
(4367, '2547-0000-example-0175', 'example', 2, 20, 5, 4, 0),
(4368, '2547-0000-example-0176', 'example', 2, 20, 5, 4, 0),
(4369, '2547-0000-example-0177', 'example', 2, 20, 5, 4, 0),
(4370, '2547-0000-example-0178', 'example', 2, 20, 5, 4, 0),
(4371, '2547-0000-example-0179', 'example', 2, 20, 5, 4, 0),
(4372, '2547-0000-example-0180', 'example', 2, 20, 5, 4, 0),
(4373, '2547-0000-example-0181', 'example', 2, 20, 5, 4, 0),
(4374, '2547-0000-example-0182', 'example', 2, 20, 5, 4, 0),
(4375, '2547-0000-example-0183', 'example', 2, 20, 5, 4, 0),
(4376, '2547-0000-example-0184', 'example', 2, 20, 5, 4, 0),
(4377, '2547-0000-example-0185', 'example', 2, 20, 5, 4, 0),
(4378, '2547-0000-example-0186', 'example', 2, 20, 5, 4, 0),
(4379, '2547-0000-example-0187', 'example', 2, 20, 5, 4, 0),
(4380, '2547-0000-example-0188', 'example', 2, 20, 5, 4, 0),
(4381, '2547-0000-example-0189', 'example', 2, 20, 5, 4, 0),
(4382, '2547-0000-example-0190', 'example', 2, 20, 5, 4, 0),
(4383, '2547-0000-example-0191', 'example', 2, 20, 5, 4, 0),
(4384, '2547-0000-example-0192', 'example', 2, 20, 5, 4, 0),
(4385, '2547-0000-example-0193', 'example', 2, 20, 5, 4, 0),
(4386, '2547-0000-example-0194', 'example', 2, 20, 5, 4, 0),
(4387, '2547-0000-example-0195', 'example', 2, 20, 5, 4, 0),
(4388, '2547-0000-example-0196', 'example', 2, 20, 5, 4, 0),
(4389, '2547-0000-example-0197', 'example', 2, 20, 5, 4, 0),
(4390, '2547-0000-example-0198', 'example', 2, 20, 5, 4, 0),
(4391, '2547-0000-example-0199', 'example', 2, 20, 5, 4, 0),
(4392, '2547-0000-example-0200', 'example', 2, 20, 5, 4, 0),
(4393, '2547-0000-example-0201', 'example', 2, 20, 5, 4, 0),
(4394, '2547-0000-example-0202', 'example', 2, 20, 5, 4, 0),
(4395, '2547-0000-example-0203', 'example', 2, 20, 5, 4, 0),
(4396, '2547-0000-example-0204', 'example', 2, 20, 5, 4, 0),
(4397, '2547-0000-example-0205', 'example', 2, 20, 5, 4, 0),
(4398, '2547-0000-example-0206', 'example', 2, 20, 5, 4, 0),
(4399, '2547-0000-example-0207', 'example', 2, 20, 5, 4, 0),
(4400, '2547-0000-example-0208', 'example', 2, 20, 5, 4, 0),
(4401, '2547-0000-example-0209', 'example', 2, 20, 5, 4, 0),
(4402, '2547-0000-example-0210', 'example', 2, 20, 5, 4, 0),
(4403, '2547-0000-example-0211', 'example', 2, 20, 5, 4, 0),
(4404, '2547-0000-example-0212', 'example', 2, 20, 5, 4, 0),
(4405, '2547-0000-example-0213', 'example', 2, 20, 5, 4, 0),
(4406, '2547-0000-example-0214', 'example', 2, 20, 5, 4, 0),
(4407, '2547-0000-example-0215', 'example', 2, 20, 5, 4, 0),
(4408, '2547-0000-example-0216', 'example', 2, 20, 5, 4, 0),
(4409, '2547-0000-example-0217', 'example', 2, 20, 5, 4, 0),
(4410, '2547-0000-example-0218', 'example', 2, 20, 5, 4, 0),
(4411, '2547-0000-example-0219', 'example', 2, 20, 5, 4, 0),
(4412, '2547-0000-example-0220', 'example', 2, 20, 5, 4, 0),
(4413, '2547-0000-example-0221', 'example', 2, 20, 5, 4, 0),
(4414, '2547-0000-example-0222', 'example', 2, 20, 5, 4, 0),
(4415, '2547-0000-example-0223', 'example', 2, 20, 5, 4, 0),
(4416, '2547-0000-example-0224', 'example', 2, 20, 5, 4, 0),
(4417, '2547-0000-example-0225', 'example', 2, 20, 5, 4, 0),
(4418, '2547-0000-example-0226', 'example', 2, 20, 5, 4, 0),
(4419, '2547-0000-example-0227', 'example', 2, 20, 5, 4, 0),
(4420, '2547-0000-example-0228', 'example', 2, 20, 5, 4, 0),
(4421, '2547-0000-example-0229', 'example', 2, 20, 5, 4, 0),
(4422, '2547-0000-example-0230', 'example', 2, 20, 5, 4, 0),
(4423, '2547-0000-example-0231', 'example', 2, 20, 5, 4, 0),
(4424, '2547-0000-example-0232', 'example', 2, 20, 5, 4, 0),
(4425, '2547-0000-example-0233', 'example', 2, 20, 5, 4, 0),
(4426, '2547-0000-example-0234', 'example', 2, 20, 5, 4, 0),
(4427, '2547-0000-example-0235', 'example', 2, 20, 5, 4, 0),
(4428, '2547-0000-example-0236', 'example', 2, 20, 5, 4, 0),
(4429, '2547-0000-example-0237', 'example', 2, 20, 5, 4, 0),
(4430, '2547-0000-example-0238', 'example', 2, 20, 5, 4, 0),
(4431, '2547-0000-example-0239', 'example', 2, 20, 5, 4, 0),
(4432, '2547-0000-example-0240', 'example', 2, 20, 5, 4, 0),
(4433, '2547-0000-example-0241', 'example', 2, 20, 5, 4, 0),
(4434, '2547-0000-example-0242', 'example', 2, 20, 5, 4, 0),
(4435, '2547-0000-example-0243', 'example', 2, 20, 5, 4, 0),
(4436, '2547-0000-example-0244', 'example', 2, 20, 5, 4, 0),
(4437, '2547-0000-example-0245', 'example', 2, 20, 5, 4, 0),
(4438, '2547-0000-example-0246', 'example', 2, 20, 5, 4, 0),
(4439, '2547-0000-example-0247', 'example', 2, 20, 5, 4, 0),
(4440, '2547-0000-example-0248', 'example', 2, 20, 5, 4, 0),
(4441, '2547-0000-example-0249', 'example', 2, 20, 5, 4, 0),
(4442, '2547-0000-example-0250', 'example', 2, 20, 5, 4, 0),
(4443, '2547-0000-example-0251', 'example', 2, 20, 5, 4, 0),
(4444, '2547-0000-example-0252', 'example', 2, 20, 5, 4, 0),
(4445, '2547-0000-example-0253', 'example', 2, 20, 5, 4, 0),
(4446, '2547-0000-example-0254', 'example', 2, 20, 5, 4, 0),
(4447, '2547-0000-example-0255', 'example', 2, 20, 5, 4, 0),
(4448, '2547-0000-example-0256', 'example', 2, 20, 5, 4, 0),
(4449, '2547-0000-example-0257', 'example', 2, 20, 5, 4, 0),
(4450, '2547-0000-example-0258', 'example', 2, 20, 5, 4, 0),
(4451, '2547-0000-example-0259', 'example', 2, 20, 5, 4, 0),
(4452, '2547-0000-example-0260', 'example', 2, 20, 5, 4, 0),
(4453, '2547-0000-example-0261', 'example', 2, 20, 5, 4, 0),
(4454, '2547-0000-example-0262', 'example', 2, 20, 5, 4, 0),
(4455, '2547-0000-example-0263', 'example', 2, 20, 5, 4, 0),
(4456, '2547-0000-example-0264', 'example', 2, 20, 5, 4, 0),
(4457, '2547-0000-example-0265', 'example', 2, 20, 5, 4, 0),
(4458, '2547-0000-example-0266', 'example', 2, 20, 5, 4, 0),
(4459, '2547-0000-example-0267', 'example', 2, 20, 5, 4, 0),
(4460, '2547-0000-example-0268', 'example', 2, 20, 5, 4, 0),
(4461, '2547-0000-example-0269', 'example', 2, 20, 5, 4, 0),
(4462, '2547-0000-example-0270', 'example', 2, 20, 5, 4, 0),
(4463, '2547-0000-example-0271', 'example', 2, 20, 5, 4, 0),
(4464, '2547-0000-example-0272', 'example', 2, 20, 5, 4, 0),
(4465, '2547-0000-example-0273', 'example', 2, 20, 5, 4, 0),
(4466, '2547-0000-example-0274', 'example', 2, 20, 5, 4, 0),
(4467, '2547-0000-example-0275', 'example', 2, 20, 5, 4, 0),
(4468, '2547-0000-example-0276', 'example', 2, 20, 5, 4, 0),
(4469, '2547-0000-example-0277', 'example', 2, 20, 5, 4, 0),
(4470, '2547-0000-example-0278', 'example', 2, 20, 5, 4, 0),
(4471, '2547-0000-example-0279', 'example', 2, 20, 5, 4, 0),
(4472, '2547-0000-example-0280', 'example', 2, 20, 5, 4, 0),
(4473, '2547-0000-example-0281', 'example', 2, 20, 5, 4, 0),
(4474, '2547-0000-example-0282', 'example', 2, 20, 5, 4, 0),
(4475, '2547-0000-example-0283', 'example', 2, 20, 5, 4, 0),
(4476, '2547-0000-example-0284', 'example', 2, 20, 5, 4, 0),
(4477, '2547-0000-example-0285', 'example', 2, 20, 5, 4, 0),
(4478, '2547-0000-example-0286', 'example', 2, 20, 5, 4, 0),
(4479, '2547-0000-example-0287', 'example', 2, 20, 5, 4, 0),
(4480, '2547-0000-example-0288', 'example', 2, 20, 5, 4, 0),
(4481, '2547-0000-example-0289', 'example', 2, 20, 5, 4, 0),
(4482, '2547-0000-example-0290', 'example', 2, 20, 5, 4, 0),
(4483, '2547-0000-example-0291', 'example', 2, 20, 5, 4, 0),
(4484, '2547-0000-example-0292', 'example', 2, 20, 5, 4, 0),
(4485, '2547-0000-example-0293', 'example', 2, 20, 5, 4, 0),
(4486, '2547-0000-example-0294', 'example', 2, 20, 5, 4, 0),
(4487, '2547-0000-example-0295', 'example', 2, 20, 5, 4, 0),
(4488, '2547-0000-example-0296', 'example', 2, 20, 5, 4, 0),
(4489, '2547-0000-example-0297', 'example', 2, 20, 5, 4, 0),
(4490, '2547-0000-example-0298', 'example', 2, 20, 5, 4, 0),
(4491, '2547-0000-example-0299', 'example', 2, 20, 5, 4, 0),
(4492, '2547-0000-example-0300', 'example', 2, 20, 5, 4, 0),
(4493, 'dddd-0001', 'ลำโพง', 2, 20, 5, 4, 1),
(4494, 'dddd-0002', 'ลำโพง', 2, 20, 5, 4, 1),
(4495, 'dddd-0003', 'ลำโพง', 2, 20, 5, 4, 0),
(4496, 'dddd-0004', 'ลำโพง', 2, 20, 5, 4, 0),
(4497, 'dddd-0005', 'ลำโพง', 2, 20, 5, 4, 1),
(4498, 'dddd-0006', 'ลำโพง', 2, 20, 5, 4, 0),
(4499, 'dddd-0007', 'ลำโพง', 2, 20, 5, 4, 0),
(4500, 'dddd-0008', 'ลำโพง', 2, 20, 5, 4, 0),
(4501, 'dddd-0009', 'ลำโพง', 2, 20, 5, 4, 0),
(4502, 'dddd-0010', 'ลำโพง', 2, 20, 5, 4, 0),
(4503, 'dddd-0011', 'ลำโพง', 2, 20, 5, 4, 0),
(4504, 'dddd-0012', 'ลำโพง', 2, 20, 5, 4, 0),
(4505, 'dddd-0013', 'ลำโพง', 2, 20, 5, 4, 0),
(4506, 'dddd-0014', 'ลำโพง', 2, 20, 5, 4, 1),
(4507, 'dddd-0015', 'ลำโพง', 2, 20, 5, 4, 0),
(4508, 'dddd-0016', 'ลำโพง', 2, 20, 5, 4, 0),
(4509, 'dddd-0017', 'ลำโพง', 2, 20, 5, 4, 0),
(4510, 'dddd-0018', 'ลำโพง', 2, 20, 5, 4, 0),
(4511, 'dddd-0019', 'ลำโพง', 2, 20, 5, 4, 0),
(4512, 'dddd-0020', 'ลำโพง', 2, 20, 5, 4, 0),
(4513, 'dddd-0021', 'ลำโพง', 2, 20, 5, 4, 0),
(4514, 'dddd-0022', 'ลำโพง', 2, 20, 5, 4, 0),
(4515, 'dddd-0023', 'ลำโพง', 2, 20, 5, 4, 0),
(4516, 'dddd-0024', 'ลำโพง', 2, 20, 5, 4, 0),
(4517, 'dddd-0025', 'ลำโพง', 2, 20, 5, 4, 0),
(4518, 'dddd-0026', 'ลำโพง', 2, 20, 5, 4, 0),
(4519, 'dddd-0027', 'ลำโพง', 2, 20, 5, 4, 0),
(4520, 'dddd-0028', 'ลำโพง', 2, 20, 5, 4, 0),
(4521, 'dddd-0029', 'ลำโพง', 2, 20, 5, 4, 0),
(4522, 'dddd-0030', 'ลำโพง', 2, 20, 5, 4, 0),
(4523, 'dddd-0031', 'ลำโพง', 2, 20, 5, 4, 0),
(4524, 'dddd-0032', 'ลำโพง', 2, 20, 5, 4, 0),
(4525, 'dddd-0033', 'ลำโพง', 2, 20, 5, 4, 0),
(4526, 'dddd-0034', 'ลำโพง', 2, 20, 5, 4, 0),
(4527, 'dddd-0035', 'ลำโพง', 2, 20, 5, 4, 0),
(4528, 'dddd-0036', 'ลำโพง', 2, 20, 5, 4, 0),
(4529, 'dddd-0037', 'ลำโพง', 2, 20, 5, 4, 0),
(4530, 'dddd-0038', 'ลำโพง', 2, 20, 5, 4, 0),
(4531, 'dddd-0039', 'ลำโพง', 2, 20, 5, 4, 0),
(4532, 'dddd-0040', 'ลำโพง', 2, 20, 5, 4, 0),
(4533, 'dddd-0041', 'ลำโพง', 2, 20, 5, 4, 0),
(4534, 'dddd-0042', 'ลำโพง', 2, 20, 5, 4, 0),
(4535, 'dddd-0043', 'ลำโพง', 2, 20, 5, 4, 0),
(4536, 'dddd-0044', 'ลำโพง', 2, 20, 5, 4, 0),
(4537, 'dddd-0045', 'ลำโพง', 2, 20, 5, 4, 0),
(4538, 'dddd-0046', 'ลำโพง', 2, 20, 5, 4, 0),
(4539, 'dddd-0047', 'ลำโพง', 2, 20, 5, 4, 0),
(4540, 'dddd-0048', 'ลำโพง', 2, 20, 5, 4, 0),
(4541, 'dddd-0049', 'ลำโพง', 2, 20, 5, 4, 0),
(4542, 'dddd-0050', 'ลำโพง', 2, 20, 5, 4, 0),
(4543, '6504-0001', 'จอมอนิเตอร์', 2, 20, 5, 4, 1),
(4544, '6504-0002', 'จอมอนิเตอร์', 2, 20, 5, 4, 1),
(4545, '6504-0003', 'จอมอนิเตอร์', 2, 20, 5, 4, 1),
(4546, '6504-0004', 'จอมอนิเตอร์', 2, 20, 5, 4, 1),
(4547, '6504-0005', 'จอมอนิเตอร์', 2, 20, 5, 4, 1),
(4548, '6504-0006', 'จอมอนิเตอร์', 2, 20, 5, 4, 1),
(4549, '6504-0007', 'จอมอนิเตอร์', 2, 20, 5, 4, 1),
(4550, '6504-0008', 'จอมอนิเตอร์', 2, 20, 5, 4, 0),
(4551, '6504-0009', 'จอมอนิเตอร์', 2, 20, 5, 4, 0),
(4552, '6504-0010', 'จอมอนิเตอร์', 2, 20, 5, 4, 0),
(4553, '6504-0011', 'จอมอนิเตอร์', 2, 20, 5, 4, 0),
(4554, '6504-0012', 'จอมอนิเตอร์', 2, 20, 5, 4, 0),
(4555, '6504-0013', 'จอมอนิเตอร์', 2, 20, 5, 4, 0),
(4556, '6504-0014', 'จอมอนิเตอร์', 2, 20, 5, 4, 0),
(4557, '6504-0015', 'จอมอนิเตอร์', 2, 20, 5, 4, 0),
(4558, '6504-0016', 'จอมอนิเตอร์', 2, 20, 5, 4, 0),
(4559, '6504-0017', 'จอมอนิเตอร์', 2, 20, 5, 4, 1),
(4560, '6504-0018', 'จอมอนิเตอร์', 2, 20, 5, 4, 0),
(4561, '6504-0019', 'จอมอนิเตอร์', 2, 20, 5, 4, 1),
(4562, '6504-0020', 'จอมอนิเตอร์', 2, 20, 5, 4, 1),
(4563, '6504-0021', 'จอมอนิเตอร์', 2, 20, 5, 4, 1),
(4564, '6504-0022', 'จอมอนิเตอร์', 2, 20, 5, 4, 0),
(4565, '6504-0023', 'จอมอนิเตอร์', 2, 20, 5, 4, 0),
(4566, '6504-0024', 'จอมอนิเตอร์', 2, 20, 5, 4, 0),
(4567, '6504-0025', 'จอมอนิเตอร์', 2, 20, 5, 4, 0),
(4568, '6504-0026', 'จอมอนิเตอร์', 2, 20, 5, 4, 0),
(4569, '6504-0027', 'จอมอนิเตอร์', 2, 20, 5, 4, 0),
(4570, '6504-0028', 'จอมอนิเตอร์', 2, 20, 5, 4, 0),
(4571, '6504-0029', 'จอมอนิเตอร์', 2, 20, 5, 4, 0),
(4572, '6504-0030', 'จอมอนิเตอร์', 2, 20, 5, 4, 0),
(4573, '6504-0031', 'จอมอนิเตอร์', 2, 20, 5, 4, 0),
(4574, '6504-0032', 'จอมอนิเตอร์', 2, 20, 5, 4, 0),
(4575, '6504-0033', 'จอมอนิเตอร์', 2, 20, 5, 4, 0),
(4576, '6504-0034', 'จอมอนิเตอร์', 2, 20, 5, 4, 0),
(4577, '6504-0035', 'จอมอนิเตอร์', 2, 20, 5, 4, 0),
(4578, '6504-0036', 'จอมอนิเตอร์', 2, 20, 5, 4, 0),
(4579, '6504-0037', 'จอมอนิเตอร์', 2, 20, 5, 4, 0),
(4580, '6504-0038', 'จอมอนิเตอร์', 2, 20, 5, 4, 0),
(4581, '6504-0039', 'จอมอนิเตอร์', 2, 20, 5, 4, 0),
(4582, '6504-0040', 'จอมอนิเตอร์', 2, 20, 5, 4, 0),
(4583, '6504-0041', 'จอมอนิเตอร์', 2, 20, 5, 4, 0),
(4584, '6504-0042', 'จอมอนิเตอร์', 2, 20, 5, 4, 0),
(4585, '6504-0043', 'จอมอนิเตอร์', 2, 20, 5, 4, 0),
(4586, '6504-0044', 'จอมอนิเตอร์', 2, 20, 5, 4, 0),
(4587, '6504-0045', 'จอมอนิเตอร์', 2, 20, 5, 4, 0),
(4588, '6504-0046', 'จอมอนิเตอร์', 2, 20, 5, 4, 0),
(4589, '6504-0047', 'จอมอนิเตอร์', 2, 20, 5, 4, 0),
(4590, '6504-0048', 'จอมอนิเตอร์', 2, 20, 5, 4, 0),
(4591, '6504-0049', 'จอมอนิเตอร์', 2, 20, 5, 4, 0),
(4592, '6504-0050', 'จอมอนิเตอร์', 2, 20, 5, 4, 0),
(4593, '6504-0051', 'จอมอนิเตอร์', 2, 20, 5, 4, 0),
(4594, '6504-0052', 'จอมอนิเตอร์', 2, 20, 5, 4, 0),
(4595, '6504-0053', 'จอมอนิเตอร์', 2, 20, 5, 4, 0),
(4596, '6504-0054', 'จอมอนิเตอร์', 2, 20, 5, 4, 0),
(4597, '6504-0055', 'จอมอนิเตอร์', 2, 20, 5, 4, 0),
(4598, '6504-0056', 'จอมอนิเตอร์', 2, 20, 5, 4, 0),
(4599, '6504-0057', 'จอมอนิเตอร์', 2, 20, 5, 4, 0),
(4600, '6504-0058', 'จอมอนิเตอร์', 2, 20, 5, 4, 0),
(4601, '6504-0059', 'จอมอนิเตอร์', 2, 20, 5, 4, 0),
(4602, '6504-0060', 'จอมอนิเตอร์', 2, 20, 5, 4, 0),
(4603, '6504-0061', 'จอมอนิเตอร์', 2, 20, 5, 4, 0),
(4604, '6504-0062', 'จอมอนิเตอร์', 2, 20, 5, 4, 0),
(4605, '6504-0063', 'จอมอนิเตอร์', 2, 20, 5, 4, 0),
(4606, '6504-0064', 'จอมอนิเตอร์', 2, 20, 5, 4, 0),
(4607, '6504-0065', 'จอมอนิเตอร์', 2, 20, 5, 4, 0),
(4608, '6504-0066', 'จอมอนิเตอร์', 2, 20, 5, 4, 0),
(4609, '6504-0067', 'จอมอนิเตอร์', 2, 20, 5, 4, 0),
(4610, '6504-0068', 'จอมอนิเตอร์', 2, 20, 5, 4, 0),
(4611, '6504-0069', 'จอมอนิเตอร์', 2, 20, 5, 4, 0),
(4612, '6504-0070', 'จอมอนิเตอร์', 2, 20, 5, 4, 0),
(4613, '6504-0071', 'จอมอนิเตอร์', 2, 20, 5, 4, 0),
(4614, '6504-0072', 'จอมอนิเตอร์', 2, 20, 5, 4, 0),
(4615, '6504-0073', 'จอมอนิเตอร์', 2, 20, 5, 4, 0),
(4616, '6504-0074', 'จอมอนิเตอร์', 2, 20, 5, 4, 0),
(4617, '6504-0075', 'จอมอนิเตอร์', 2, 20, 5, 4, 0),
(4618, '6504-0076', 'จอมอนิเตอร์', 2, 20, 5, 4, 0),
(4619, '6504-0077', 'จอมอนิเตอร์', 2, 20, 5, 4, 0),
(4620, '6504-0078', 'จอมอนิเตอร์', 2, 20, 5, 4, 0),
(4621, '6504-0079', 'จอมอนิเตอร์', 2, 20, 5, 4, 0),
(4622, '6504-0080', 'จอมอนิเตอร์', 2, 20, 5, 4, 0),
(4623, '6504-0081', 'จอมอนิเตอร์', 2, 20, 5, 4, 0),
(4624, '6504-0082', 'จอมอนิเตอร์', 2, 20, 5, 4, 0),
(4625, '6504-0083', 'จอมอนิเตอร์', 2, 20, 5, 4, 0),
(4626, '6504-0084', 'จอมอนิเตอร์', 2, 20, 5, 4, 0),
(4627, '6504-0085', 'จอมอนิเตอร์', 2, 20, 5, 4, 0),
(4628, '6504-0086', 'จอมอนิเตอร์', 2, 20, 5, 4, 0),
(4629, '6504-0087', 'จอมอนิเตอร์', 2, 20, 5, 4, 0),
(4630, '6504-0088', 'จอมอนิเตอร์', 2, 20, 5, 4, 0),
(4631, '6504-0089', 'จอมอนิเตอร์', 2, 20, 5, 4, 0),
(4632, '6504-0090', 'จอมอนิเตอร์', 2, 20, 5, 4, 0),
(4633, '6504-0091', 'จอมอนิเตอร์', 2, 20, 5, 4, 0),
(4634, '6504-0092', 'จอมอนิเตอร์', 2, 20, 5, 4, 0),
(4635, '6504-0093', 'จอมอนิเตอร์', 2, 20, 5, 4, 0),
(4636, '6504-0094', 'จอมอนิเตอร์', 2, 20, 5, 4, 0),
(4637, '6504-0095', 'จอมอนิเตอร์', 2, 20, 5, 4, 0),
(4638, '6504-0096', 'จอมอนิเตอร์', 2, 20, 5, 4, 0),
(4639, '6504-0097', 'จอมอนิเตอร์', 2, 20, 5, 4, 0),
(4640, '6504-0098', 'จอมอนิเตอร์', 2, 20, 5, 4, 0),
(4641, '6504-0099', 'จอมอนิเตอร์', 2, 20, 5, 4, 0),
(4642, '6504-0100', 'จอมอนิเตอร์', 2, 20, 5, 4, 0),
(4643, '65040001', 'ลำโพง789', 2, 20, 5, 4, 0),
(4644, '65040002', 'ลำโพง789', 2, 20, 5, 4, 0),
(4645, '65040003', 'ลำโพง789', 2, 20, 5, 4, 0),
(4646, '65040004', 'ลำโพง789', 2, 20, 5, 4, 0),
(4647, '65040005', 'ลำโพง789', 2, 20, 5, 4, 0),
(4648, '65040006', 'ลำโพง789', 2, 20, 5, 4, 0),
(4649, '65040007', 'ลำโพง789', 2, 20, 5, 4, 0),
(4650, '65040008', 'ลำโพง789', 2, 20, 5, 4, 0),
(4651, '65040009', 'ลำโพง789', 2, 20, 5, 4, 0),
(4652, '65040010', 'ลำโพง789', 2, 20, 5, 4, 0),
(4653, '65040011', 'ลำโพง789', 2, 20, 5, 4, 0),
(4654, '65040012', 'ลำโพง789', 2, 20, 5, 4, 0),
(4655, '65040013', 'ลำโพง789', 2, 20, 5, 4, 0),
(4656, '65040014', 'ลำโพง789', 2, 20, 5, 4, 1),
(4657, '65040015', 'ลำโพง789', 2, 20, 5, 4, 1),
(4658, '65040016', 'ลำโพง789', 2, 20, 5, 4, 0),
(4659, '65040017', 'ลำโพง789', 2, 20, 5, 4, 0),
(4660, '65040018', 'ลำโพง789', 2, 20, 5, 4, 0),
(4661, '65040019', 'ลำโพง789', 2, 20, 5, 4, 0),
(4662, '65040020', 'ลำโพง789', 2, 20, 5, 4, 0),
(4663, '65040021', 'ลำโพง789', 2, 20, 5, 4, 0),
(4664, '65040022', 'ลำโพง789', 2, 20, 5, 4, 0),
(4665, '65040023', 'ลำโพง789', 2, 20, 5, 4, 0),
(4666, '65040024', 'ลำโพง789', 2, 20, 5, 4, 0),
(4667, '65040025', 'ลำโพง789', 2, 20, 5, 4, 0),
(4668, '65040026', 'ลำโพง789', 2, 20, 5, 4, 0),
(4669, '65040027', 'ลำโพง789', 2, 20, 5, 4, 0),
(4670, '65040028', 'ลำโพง789', 2, 20, 5, 4, 0),
(4671, '65040029', 'ลำโพง789', 2, 20, 5, 4, 0),
(4672, '65040030', 'ลำโพง789', 2, 20, 5, 4, 0),
(4673, '65040031', 'ลำโพง789', 2, 20, 5, 4, 0),
(4674, '65040032', 'ลำโพง789', 2, 20, 5, 4, 0),
(4675, '65040033', 'ลำโพง789', 2, 20, 5, 4, 0),
(4676, '65040034', 'ลำโพง789', 2, 20, 5, 4, 0),
(4677, '65040035', 'ลำโพง789', 2, 20, 5, 4, 0),
(4678, '65040036', 'ลำโพง789', 2, 20, 5, 4, 0),
(4679, '65040037', 'ลำโพง789', 2, 20, 5, 4, 0),
(4680, '65040038', 'ลำโพง789', 2, 20, 5, 4, 0),
(4681, '65040039', 'ลำโพง789', 2, 20, 5, 4, 0),
(4682, '65040040', 'ลำโพง789', 2, 20, 5, 4, 0),
(4683, '65040041', 'ลำโพง789', 2, 20, 5, 4, 0),
(4684, '65040042', 'ลำโพง789', 2, 20, 5, 4, 0),
(4685, '65040043', 'ลำโพง789', 2, 20, 5, 4, 0),
(4686, '65040044', 'ลำโพง789', 2, 20, 5, 4, 0),
(4687, '65040045', 'ลำโพง789', 2, 20, 5, 4, 0),
(4688, '65040046', 'ลำโพง789', 2, 20, 5, 4, 0),
(4689, '65040047', 'ลำโพง789', 2, 20, 5, 4, 0),
(4690, '65040048', 'ลำโพง789', 2, 20, 5, 4, 0),
(4691, '65040049', 'ลำโพง789', 2, 20, 5, 4, 0),
(4692, '65040050', 'ลำโพง789', 2, 20, 5, 4, 0),
(4693, '65040051', 'ลำโพง789', 2, 20, 5, 4, 0),
(4694, '65040052', 'ลำโพง789', 2, 20, 5, 4, 0),
(4695, '65040053', 'ลำโพง789', 2, 20, 5, 4, 0),
(4696, '65040054', 'ลำโพง789', 2, 20, 5, 4, 0),
(4697, '65040055', 'ลำโพง789', 2, 20, 5, 4, 0),
(4698, '65040056', 'ลำโพง789', 2, 20, 5, 4, 0),
(4699, '65040057', 'ลำโพง789', 2, 20, 5, 4, 0),
(4700, '65040058', 'ลำโพง789', 2, 20, 5, 4, 0),
(4701, '65040059', 'ลำโพง789', 2, 20, 5, 4, 0),
(4702, '65040060', 'ลำโพง789', 2, 20, 5, 4, 0),
(4703, '65040061', 'ลำโพง789', 2, 20, 5, 4, 0),
(4704, '65040062', 'ลำโพง789', 2, 20, 5, 4, 0),
(4705, '65040063', 'ลำโพง789', 2, 20, 5, 4, 0),
(4706, '65040064', 'ลำโพง789', 2, 20, 5, 4, 0),
(4707, '65040065', 'ลำโพง789', 2, 20, 5, 4, 0),
(4708, '65040066', 'ลำโพง789', 2, 20, 5, 4, 0),
(4709, '65040067', 'ลำโพง789', 2, 20, 5, 4, 0),
(4710, '65040068', 'ลำโพง789', 2, 20, 5, 4, 0),
(4711, '65040069', 'ลำโพง789', 2, 20, 5, 4, 0),
(4712, '65040070', 'ลำโพง789', 2, 20, 5, 4, 0),
(4713, '65040071', 'ลำโพง789', 2, 20, 5, 4, 0),
(4714, '65040072', 'ลำโพง789', 2, 20, 5, 4, 0),
(4715, '65040073', 'ลำโพง789', 2, 20, 5, 4, 0),
(4716, '65040074', 'ลำโพง789', 2, 20, 5, 4, 0),
(4717, '65040075', 'ลำโพง789', 2, 20, 5, 4, 0),
(4718, '65040076', 'ลำโพง789', 2, 20, 5, 4, 0),
(4719, '65040077', 'ลำโพง789', 2, 20, 5, 4, 0),
(4720, '65040078', 'ลำโพง789', 2, 20, 5, 4, 0),
(4721, '65040079', 'ลำโพง789', 2, 20, 5, 4, 0),
(4722, '65040080', 'ลำโพง789', 2, 20, 5, 4, 0),
(4723, '65040081', 'ลำโพง789', 2, 20, 5, 4, 0),
(4724, '65040082', 'ลำโพง789', 2, 20, 5, 4, 0),
(4725, '65040083', 'ลำโพง789', 2, 20, 5, 4, 0),
(4726, '65040084', 'ลำโพง789', 2, 20, 5, 4, 0),
(4727, '65040085', 'ลำโพง789', 2, 20, 5, 4, 0),
(4728, '65040086', 'ลำโพง789', 2, 20, 5, 4, 0),
(4729, '65040087', 'ลำโพง789', 2, 20, 5, 4, 0),
(4730, '65040088', 'ลำโพง789', 2, 20, 5, 4, 0),
(4731, '65040089', 'ลำโพง789', 2, 20, 5, 4, 0),
(4732, '65040090', 'ลำโพง789', 2, 20, 5, 4, 0),
(4733, '65040091', 'ลำโพง789', 2, 20, 5, 4, 0),
(4734, '65040092', 'ลำโพง789', 2, 20, 5, 4, 0),
(4735, '65040093', 'ลำโพง789', 2, 20, 5, 4, 0),
(4736, '65040094', 'ลำโพง789', 2, 20, 5, 4, 0),
(4737, '65040095', 'ลำโพง789', 2, 20, 5, 4, 0),
(4738, '65040096', 'ลำโพง789', 2, 20, 5, 4, 0),
(4739, '65040097', 'ลำโพง789', 2, 20, 5, 4, 0),
(4740, '65040098', 'ลำโพง789', 2, 20, 5, 4, 0),
(4741, '65040099', 'ลำโพง789', 2, 20, 5, 4, 0),
(4742, '65040100', 'ลำโพง789', 2, 20, 5, 4, 0);

-- --------------------------------------------------------

--
-- Table structure for table `repair`
--

CREATE TABLE `repair` (
  `Id` int(11) NOT NULL,
  `ownerRoom_Id` int(2) NOT NULL,
  `rp_details` varchar(500) NOT NULL,
  `rp_img` varchar(255) NOT NULL,
  `ownerRoom_notify_date` datetime NOT NULL,
  `rp_status` int(2) NOT NULL,
  `inventory_Id` int(11) NOT NULL,
  `computer_Id` int(11) NOT NULL,
  `admin_Id` int(11) DEFAULT NULL,
  `technician_Id` int(11) DEFAULT NULL,
  `admin_operates_date` datetime DEFAULT NULL,
  `technician_operates_date` datetime DEFAULT NULL,
  `description_job` varchar(500) DEFAULT NULL,
  `technicial_rp_img` varchar(50) DEFAULT NULL,
  `rp_date_success` datetime DEFAULT NULL
) ENGINE=InnoDB DEFAULT CHARSET=utf8;

-- --------------------------------------------------------

--
-- Table structure for table `repair_operation`
--

CREATE TABLE `repair_operation` (
  `Id` int(11) NOT NULL,
  `admin_ID` int(11) NOT NULL,
  `technician_ID` int(11) NOT NULL,
  `admin_operates_date` datetime NOT NULL,
  `technician_operates_date` datetime NOT NULL,
  `description_job` varchar(500) NOT NULL,
  `rp_date_success` datetime NOT NULL,
  `technicial_rp_img` varchar(50) NOT NULL
) ENGINE=InnoDB DEFAULT CHARSET=utf8;

-- --------------------------------------------------------

--
-- Table structure for table `role`
--

CREATE TABLE `role` (
  `Id` int(11) NOT NULL,
  `title` varchar(50) NOT NULL
) ENGINE=InnoDB DEFAULT CHARSET=utf8;

--
-- Dumping data for table `role`
--

INSERT INTO `role` (`Id`, `title`) VALUES
(1, 'Admin'),
(2, 'Technician'),
(3, 'ClassroomOwner');

-- --------------------------------------------------------

--
-- Table structure for table `room`
--

CREATE TABLE `room` (
  `Id` int(11) NOT NULL,
  `build` varchar(50) NOT NULL,
  `floor` varchar(2) NOT NULL,
  `name` varchar(8) NOT NULL,
  `status` int(2) NOT NULL
) ENGINE=InnoDB DEFAULT CHARSET=utf8;

--
-- Dumping data for table `room`
--

INSERT INTO `room` (`Id`, `build`, `floor`, `name`, `status`) VALUES
(267, '1', '1', '1101', 1),
(268, '1', '1', '1102', 1),
(269, '1', '1', '1103', 1),
(271, '1', '1', '1105', 1),
(272, '1', '2', '1201', 1),
(273, '1', '2', '1202', 0),
(274, '1', '2', '1203', 0),
(275, '1', '2', '1204', 0),
(276, '1', '2', '1205', 0),
(277, '1', '3', '1301', 0),
(278, '1', '3', '1302', 0),
(279, '1', '3', '1303', 0),
(280, '1', '3', '1304', 0),
(281, '1', '3', '1305', 0),
(282, '1', '2', '1206', 0),
(283, '1', '2', '1207', 0),
(284, '1', '2', '1208', 0),
(285, '1', '2', '1209', 0),
(288, '1', '2', '1211', 0),
(289, '1', '2', '1212', 0),
(290, '1', '2', '1213', 0),
(291, '1', '2', '1214', 0),
(292, '1', '2', '1215', 0),
(293, '1', '2', '1216', 0),
(294, '1', '2', '1217', 0),
(295, '1', '2', '1218', 0),
(296, '1', '2', '1219', 0),
(297, '1', '2', '1220', 0),
(298, '1', '2', '1221', 0),
(299, '1', '2', '1222', 0),
(300, '1', '2', '1223', 0),
(301, '1', '2', '1224', 0),
(302, '1', '2', '1225', 0),
(303, '1', '2', '1226', 0),
(304, '1', '2', '1227', 0),
(305, '1', '2', '1228', 0),
(306, '1', '2', '1229', 0),
(307, '1', '2', '1230', 0),
(308, '2', '1', '2101', 0),
(309, '2', '1', '2102', 0),
(310, '2', '1', '2103', 0),
(311, '2', '2', '2201', 0),
(312, '2', '2', '2202', 0),
(313, '2', '2', '2203', 0),
(314, '2', '3', '2301', 0),
(315, '2', '3', '2302', 0),
(316, '2', '3', '2303', 0),
(317, '1', '2', '1231', 0),
(318, '1', '2', '1232', 0),
(319, '1', '2', '1233', 0),
(320, '1', '2', '1234', 0),
(321, '1', '2', '1235', 0),
(322, '1', '2', '1236', 0),
(323, '1', '2', '1237', 0),
(324, '1', '2', '1238', 0),
(325, '1', '2', '1239', 0),
(326, '1', '2', '1240', 0),
(327, '1', '1', '1105', 0),
(328, '1', '1', '1106', 0),
(329, '1', '1', '1107', 0),
(330, '1', '1', '1108', 0),
(331, '1', '1', '1109', 0),
(332, '1', '1', '1110', 0),
(333, '1', '1', '1111', 0),
(334, '1', '1', '1112', 0),
(335, '1', '1', '1113', 0),
(336, '1', '1', '1114', 0),
(337, '1', '1', '1115', 0);

-- --------------------------------------------------------

--
-- Table structure for table `type`
--

CREATE TABLE `type` (
  `Id` int(11) NOT NULL,
  `title` varchar(50) NOT NULL
) ENGINE=InnoDB DEFAULT CHARSET=utf8;

--
-- Dumping data for table `type`
--

INSERT INTO `type` (`Id`, `title`) VALUES
(5, 'คอมพิวเตอร์');

-- --------------------------------------------------------

--
-- Table structure for table `unit`
--

CREATE TABLE `unit` (
  `Id` int(11) NOT NULL,
  `title` varchar(50) NOT NULL
) ENGINE=InnoDB DEFAULT CHARSET=utf8;

--
-- Dumping data for table `unit`
--

INSERT INTO `unit` (`Id`, `title`) VALUES
(1, 'ชิ้น'),
(4, 'เครื่อง');

--
-- Indexes for dumped tables
--

--
-- Indexes for table `account`
--
ALTER TABLE `account`
  ADD PRIMARY KEY (`Id`);

--
-- Indexes for table `brand`
--
ALTER TABLE `brand`
  ADD PRIMARY KEY (`Id`);

--
-- Indexes for table `category`
--
ALTER TABLE `category`
  ADD PRIMARY KEY (`Id`);

--
-- Indexes for table `class_room_owner`
--
ALTER TABLE `class_room_owner`
  ADD PRIMARY KEY (`Id`);

--
-- Indexes for table `computer`
--
ALTER TABLE `computer`
  ADD PRIMARY KEY (`Id`);

--
-- Indexes for table `conect_inventory_computer`
--
ALTER TABLE `conect_inventory_computer`
  ADD PRIMARY KEY (`Id`);

--
-- Indexes for table `department`
--
ALTER TABLE `department`
  ADD PRIMARY KEY (`Id`);

--
-- Indexes for table `inventory`
--
ALTER TABLE `inventory`
  ADD PRIMARY KEY (`Id`);

--
-- Indexes for table `repair`
--
ALTER TABLE `repair`
  ADD PRIMARY KEY (`Id`);

--
-- Indexes for table `repair_operation`
--
ALTER TABLE `repair_operation`
  ADD PRIMARY KEY (`Id`);

--
-- Indexes for table `role`
--
ALTER TABLE `role`
  ADD PRIMARY KEY (`Id`);

--
-- Indexes for table `room`
--
ALTER TABLE `room`
  ADD PRIMARY KEY (`Id`);

--
-- Indexes for table `type`
--
ALTER TABLE `type`
  ADD PRIMARY KEY (`Id`);

--
-- Indexes for table `unit`
--
ALTER TABLE `unit`
  ADD PRIMARY KEY (`Id`);

--
-- AUTO_INCREMENT for dumped tables
--

--
-- AUTO_INCREMENT for table `account`
--
ALTER TABLE `account`
  MODIFY `Id` int(11) NOT NULL AUTO_INCREMENT, AUTO_INCREMENT=79;

--
-- AUTO_INCREMENT for table `brand`
--
ALTER TABLE `brand`
  MODIFY `Id` int(11) NOT NULL AUTO_INCREMENT, AUTO_INCREMENT=8;

--
-- AUTO_INCREMENT for table `category`
--
ALTER TABLE `category`
  MODIFY `Id` int(11) NOT NULL AUTO_INCREMENT, AUTO_INCREMENT=23;

--
-- AUTO_INCREMENT for table `class_room_owner`
--
ALTER TABLE `class_room_owner`
  MODIFY `Id` int(11) NOT NULL AUTO_INCREMENT, AUTO_INCREMENT=38;

--
-- AUTO_INCREMENT for table `computer`
--
ALTER TABLE `computer`
  MODIFY `Id` int(11) NOT NULL AUTO_INCREMENT, AUTO_INCREMENT=1355;

--
-- AUTO_INCREMENT for table `conect_inventory_computer`
--
ALTER TABLE `conect_inventory_computer`
  MODIFY `Id` int(11) NOT NULL AUTO_INCREMENT, AUTO_INCREMENT=91;

--
-- AUTO_INCREMENT for table `department`
--
ALTER TABLE `department`
  MODIFY `Id` int(11) NOT NULL AUTO_INCREMENT, AUTO_INCREMENT=23;

--
-- AUTO_INCREMENT for table `inventory`
--
ALTER TABLE `inventory`
  MODIFY `Id` int(11) NOT NULL AUTO_INCREMENT, AUTO_INCREMENT=4743;

--
-- AUTO_INCREMENT for table `repair`
--
ALTER TABLE `repair`
  MODIFY `Id` int(11) NOT NULL AUTO_INCREMENT;

--
-- AUTO_INCREMENT for table `repair_operation`
--
ALTER TABLE `repair_operation`
  MODIFY `Id` int(11) NOT NULL AUTO_INCREMENT;

--
-- AUTO_INCREMENT for table `role`
--
ALTER TABLE `role`
  MODIFY `Id` int(11) NOT NULL AUTO_INCREMENT, AUTO_INCREMENT=4;

--
-- AUTO_INCREMENT for table `room`
--
ALTER TABLE `room`
  MODIFY `Id` int(11) NOT NULL AUTO_INCREMENT, AUTO_INCREMENT=338;

--
-- AUTO_INCREMENT for table `type`
--
ALTER TABLE `type`
  MODIFY `Id` int(11) NOT NULL AUTO_INCREMENT, AUTO_INCREMENT=8;

--
-- AUTO_INCREMENT for table `unit`
--
ALTER TABLE `unit`
  MODIFY `Id` int(11) NOT NULL AUTO_INCREMENT, AUTO_INCREMENT=5;
COMMIT;

/*!40101 SET CHARACTER_SET_CLIENT=@OLD_CHARACTER_SET_CLIENT */;
/*!40101 SET CHARACTER_SET_RESULTS=@OLD_CHARACTER_SET_RESULTS */;
/*!40101 SET COLLATION_CONNECTION=@OLD_COLLATION_CONNECTION */;
