-- phpMyAdmin SQL Dump
-- version 5.2.0
-- https://www.phpmyadmin.net/
--
-- Host: 127.0.0.1
-- Generation Time: Nov 28, 2022 at 08:23 AM
-- Server version: 10.4.24-MariaDB
-- PHP Version: 8.1.6

SET SQL_MODE = "NO_AUTO_VALUE_ON_ZERO";
START TRANSACTION;
SET time_zone = "+00:00";


/*!40101 SET @OLD_CHARACTER_SET_CLIENT=@@CHARACTER_SET_CLIENT */;
/*!40101 SET @OLD_CHARACTER_SET_RESULTS=@@CHARACTER_SET_RESULTS */;
/*!40101 SET @OLD_COLLATION_CONNECTION=@@COLLATION_CONNECTION */;
/*!40101 SET NAMES utf8mb4 */;

--
-- Database: `repair-system`
--

-- --------------------------------------------------------

--
-- Table structure for table `account`
--

CREATE TABLE `account` (
  `Id` int(11) NOT NULL,
  `username` varchar(100) NOT NULL,
  `password` varchar(100) NOT NULL,
  `fullname` varchar(255) NOT NULL,
  `mobile` varchar(10) NOT NULL,
  `email` varchar(100) NOT NULL,
  `created_at` timestamp NOT NULL DEFAULT current_timestamp() ON UPDATE current_timestamp(),
  `status` int(2) NOT NULL,
  `roleId` int(2) NOT NULL
) ENGINE=InnoDB DEFAULT CHARSET=utf8;

--
-- Dumping data for table `account`
--

INSERT INTO `account` (`Id`, `username`, `password`, `fullname`, `mobile`, `email`, `created_at`, `status`, `roleId`) VALUES
(8, 'admin', 'e10adc3949ba59abbe56e057f20f883e', 'แอดมิน', '0000000000', 'admin@gmail.com', '2022-11-27 19:06:03', 1, 1),
(9, 'owner', 'e10adc3949ba59abbe56e057f20f883e', 'ผู้ดูแลห้องเรียน', '1111111111', 'test@gmail.com', '2022-11-27 19:13:31', 1, 3),
(10, 'นายช่างเทคนิค', 'e10adc3949ba59abbe56e057f20f883e', 'นายช่าง', '2222222222', 'tech@gmail.com', '2022-11-28 06:59:48', 1, 2),
(11, 'นายช่างเทคนิค1', 'e10adc3949ba59abbe56e057f20f883e', 'นายช่าง1', '4555555555', 'tech1@gmail.com', '2022-11-28 06:59:52', 1, 2);

-- --------------------------------------------------------

--
-- Table structure for table `brand`
--

CREATE TABLE `brand` (
  `Id` int(11) NOT NULL,
  `title` varchar(50) NOT NULL
) ENGINE=InnoDB DEFAULT CHARSET=utf8;

--
-- Dumping data for table `brand`
--

INSERT INTO `brand` (`Id`, `title`) VALUES
(1, 'Acer');

-- --------------------------------------------------------

--
-- Table structure for table `category`
--

CREATE TABLE `category` (
  `Id` int(11) NOT NULL,
  `title` varchar(50) NOT NULL
) ENGINE=InnoDB DEFAULT CHARSET=utf8;

--
-- Dumping data for table `category`
--

INSERT INTO `category` (`Id`, `title`) VALUES
(1, 'คอมพิวเตอร์');

-- --------------------------------------------------------

--
-- Table structure for table `class_room_owner`
--

CREATE TABLE `class_room_owner` (
  `Id` int(11) NOT NULL,
  `account_Id` int(2) NOT NULL,
  `department_Id` int(2) NOT NULL,
  `room_Id` int(2) NOT NULL,
  `status_comfirm_inventory` int(2) NOT NULL
) ENGINE=InnoDB DEFAULT CHARSET=utf8;

--
-- Dumping data for table `class_room_owner`
--

INSERT INTO `class_room_owner` (`Id`, `account_Id`, `department_Id`, `room_Id`, `status_comfirm_inventory`) VALUES
(7, 9, 1, 81, 0);

-- --------------------------------------------------------

--
-- Table structure for table `computer`
--

CREATE TABLE `computer` (
  `Id` int(11) NOT NULL,
  `code` varchar(20) NOT NULL,
  `roomId` int(11) NOT NULL,
  `mainComCode` int(11) NOT NULL,
  `status` int(2) NOT NULL COMMENT 'สถานะตรวจสอบอุปกรณ์จากผู้ดูแลห้องแล้วหรือยัง 1 คือตรวจสอบแล้ว 0 คือยังไม่ได้ตรวจสอบ'
) ENGINE=InnoDB DEFAULT CHARSET=utf8;

--
-- Dumping data for table `computer`
--

INSERT INTO `computer` (`Id`, `code`, `roomId`, `mainComCode`, `status`) VALUES
(1, '1101-001', 1, 0, 1),
(2, '1101-002', 1, 0, 1),
(3, '1101-003', 1, 0, 1),
(4, '1101-004', 1, 0, 1),
(5, '1101-005', 1, 0, 1),
(6, '1101-006', 1, 0, 1),
(7, '1101-007', 1, 0, 1),
(8, '1101-008', 1, 0, 1),
(9, '1101-009', 1, 0, 1),
(10, '1101-010', 1, 0, 1),
(11, '1101-011', 1, 0, 1),
(12, '1101-012', 1, 0, 1),
(13, '1101-013', 1, 0, 1),
(14, '1101-014', 1, 0, 1),
(15, '1101-015', 1, 0, 1),
(16, '1101-016', 1, 0, 1),
(17, '1101-017', 1, 0, 1),
(18, '1101-018', 1, 0, 1),
(19, '1101-019', 1, 0, 1),
(20, '1101-020', 1, 0, 1),
(21, '1101-021', 1, 0, 1),
(22, '1101-022', 1, 0, 1),
(23, '1101-023', 1, 0, 1),
(24, '1101-024', 1, 0, 1),
(25, '1101-025', 1, 0, 1),
(26, '1101-026', 1, 0, 1),
(27, '1101-027', 1, 0, 1),
(28, '1101-028', 1, 0, 1),
(29, '1101-029', 1, 0, 1),
(30, '1101-030', 1, 0, 1),
(31, '1101-031', 1, 0, 1),
(32, '1101-032', 1, 0, 1),
(33, '1101-033', 1, 0, 1),
(34, '1101-034', 1, 0, 1),
(35, '1101-035', 1, 0, 1),
(36, '1101-036', 1, 0, 1),
(37, '1101-037', 1, 0, 1),
(38, '1101-038', 1, 0, 1),
(39, '1101-039', 1, 0, 1),
(40, '1101-040', 1, 0, 1),
(41, '1101-041', 1, 0, 1),
(42, '1101-042', 1, 0, 1),
(43, '1101-043', 1, 0, 1),
(44, '1101-044', 1, 0, 1),
(45, '1101-045', 1, 0, 1),
(46, '1101-046', 1, 0, 1),
(47, '1101-047', 1, 0, 1),
(48, '1101-048', 1, 0, 1),
(49, '1101-049', 1, 0, 1),
(50, '1101-050', 1, 0, 1),
(51, '1102-001', 2, 0, 1),
(52, '1102-002', 2, 0, 1),
(53, '1102-003', 2, 0, 1),
(54, '1102-004', 2, 0, 1),
(55, '1102-005', 2, 0, 1),
(56, '1102-006', 2, 0, 1),
(57, '1102-007', 2, 0, 1),
(58, '1102-008', 2, 0, 1),
(59, '1102-009', 2, 0, 1),
(60, '1102-010', 2, 0, 1),
(61, '1102-011', 2, 0, 1),
(62, '1102-012', 2, 0, 1),
(63, '1102-013', 2, 0, 1),
(64, '1102-014', 2, 0, 1),
(65, '1102-015', 2, 0, 1),
(66, '1102-016', 2, 0, 1),
(67, '1102-017', 2, 0, 1),
(68, '1102-018', 2, 0, 1),
(69, '1102-019', 2, 0, 1),
(70, '1102-020', 2, 0, 1),
(71, '1101-001', 81, 0, 1),
(72, '1101-002', 81, 0, 1),
(73, '1101-003', 81, 0, 1),
(74, '1101-004', 81, 0, 1),
(75, '1101-005', 81, 0, 1),
(76, '1101-006', 81, 0, 1),
(77, '1101-007', 81, 0, 1),
(78, '1101-008', 81, 0, 1),
(79, '1101-009', 81, 0, 1),
(80, '1101-010', 81, 0, 1),
(81, '1101-011', 81, 0, 1),
(82, '1101-012', 81, 0, 1),
(83, '1101-013', 81, 0, 1),
(84, '1101-014', 81, 0, 1),
(85, '1101-015', 81, 0, 1),
(86, '1101-016', 81, 0, 1),
(87, '1101-017', 81, 0, 1),
(88, '1101-018', 81, 0, 1),
(89, '1101-019', 81, 0, 1),
(90, '1101-020', 81, 0, 1),
(91, '1101-021', 81, 0, 1),
(92, '1101-022', 81, 0, 1),
(93, '1101-023', 81, 0, 1),
(94, '1101-024', 81, 0, 1),
(95, '1101-025', 81, 0, 1),
(96, '1101-026', 81, 0, 1),
(97, '1101-027', 81, 0, 1),
(98, '1101-028', 81, 0, 1),
(99, '1101-029', 81, 0, 1),
(100, '1101-030', 81, 0, 1),
(101, '1101-031', 81, 0, 1),
(102, '1101-032', 81, 0, 1),
(103, '1101-033', 81, 0, 1),
(104, '1101-034', 81, 0, 1),
(105, '1101-035', 81, 0, 1),
(106, '1101-036', 81, 0, 1),
(107, '1101-037', 81, 0, 1),
(108, '1101-038', 81, 0, 1),
(109, '1101-039', 81, 0, 1),
(110, '1101-040', 81, 0, 1),
(111, '1101-041', 81, 0, 1),
(112, '1101-042', 81, 0, 1),
(113, '1101-043', 81, 0, 1),
(114, '1101-044', 81, 0, 1),
(115, '1101-045', 81, 0, 1),
(116, '1101-046', 81, 0, 1),
(117, '1101-047', 81, 0, 1),
(118, '1101-048', 81, 0, 1),
(119, '1101-049', 81, 0, 1),
(120, '1101-050', 81, 0, 1);

-- --------------------------------------------------------

--
-- Table structure for table `conect_inventory_computer`
--

CREATE TABLE `conect_inventory_computer` (
  `Id` int(11) NOT NULL,
  `computerId` int(5) NOT NULL,
  `inventoryId` int(5) NOT NULL
) ENGINE=InnoDB DEFAULT CHARSET=utf8;

--
-- Dumping data for table `conect_inventory_computer`
--

INSERT INTO `conect_inventory_computer` (`Id`, `computerId`, `inventoryId`) VALUES
(10, 71, 151),
(11, 71, 351),
(12, 71, 251);

-- --------------------------------------------------------

--
-- Table structure for table `department`
--

CREATE TABLE `department` (
  `Id` int(11) NOT NULL,
  `title` varchar(50) NOT NULL
) ENGINE=InnoDB DEFAULT CHARSET=utf8;

--
-- Dumping data for table `department`
--

INSERT INTO `department` (`Id`, `title`) VALUES
(1, 'เทคโนโลยีสารสนเทศ'),
(2, 'การตลาด'),
(3, 'การบัญชี'),
(4, 'ภาษาต่างประเทศ');

-- --------------------------------------------------------

--
-- Table structure for table `inventory`
--

CREATE TABLE `inventory` (
  `Id` int(11) NOT NULL,
  `serial` varchar(50) NOT NULL,
  `name` varchar(255) NOT NULL,
  `brand_Id` int(2) NOT NULL,
  `category_Id` int(2) NOT NULL,
  `type_Id` int(2) NOT NULL,
  `unit_Id` int(2) NOT NULL,
  `status` int(2) NOT NULL,
  `rp_inventory` int(2) NOT NULL COMMENT '0 = ไม่ได้อยู่ในขั้นตอนระหว่างซ่อม\r\n1=อยู่ในระหว่างการซ่อม'
) ENGINE=InnoDB DEFAULT CHARSET=utf8;

--
-- Dumping data for table `inventory`
--

INSERT INTO `inventory` (`Id`, `serial`, `name`, `brand_Id`, `category_Id`, `type_Id`, `unit_Id`, `status`, `rp_inventory`) VALUES
(151, '256501230001', 'จอมอนิเตอร์', 1, 1, 1, 1, 1, 1),
(152, '256501230002', 'จอมอนิเตอร์', 1, 1, 1, 1, 0, 0),
(153, '256501230003', 'จอมอนิเตอร์', 1, 1, 1, 1, 0, 0),
(154, '256501230004', 'จอมอนิเตอร์', 1, 1, 1, 1, 0, 0),
(155, '256501230005', 'จอมอนิเตอร์', 1, 1, 1, 1, 0, 0),
(156, '256501230006', 'จอมอนิเตอร์', 1, 1, 1, 1, 0, 0),
(157, '256501230007', 'จอมอนิเตอร์', 1, 1, 1, 1, 0, 0),
(158, '256501230008', 'จอมอนิเตอร์', 1, 1, 1, 1, 0, 0),
(159, '256501230009', 'จอมอนิเตอร์', 1, 1, 1, 1, 0, 0),
(160, '256501230010', 'จอมอนิเตอร์', 1, 1, 1, 1, 0, 0),
(161, '256501230011', 'จอมอนิเตอร์', 1, 1, 1, 1, 0, 0),
(162, '256501230012', 'จอมอนิเตอร์', 1, 1, 1, 1, 0, 0),
(163, '256501230013', 'จอมอนิเตอร์', 1, 1, 1, 1, 0, 0),
(164, '256501230014', 'จอมอนิเตอร์', 1, 1, 1, 1, 0, 0),
(165, '256501230015', 'จอมอนิเตอร์', 1, 1, 1, 1, 0, 0),
(166, '256501230016', 'จอมอนิเตอร์', 1, 1, 1, 1, 0, 0),
(167, '256501230017', 'จอมอนิเตอร์', 1, 1, 1, 1, 0, 0),
(168, '256501230018', 'จอมอนิเตอร์', 1, 1, 1, 1, 0, 0),
(169, '256501230019', 'จอมอนิเตอร์', 1, 1, 1, 1, 0, 0),
(170, '256501230020', 'จอมอนิเตอร์', 1, 1, 1, 1, 0, 0),
(171, '256501230021', 'จอมอนิเตอร์', 1, 1, 1, 1, 0, 0),
(172, '256501230022', 'จอมอนิเตอร์', 1, 1, 1, 1, 0, 0),
(173, '256501230023', 'จอมอนิเตอร์', 1, 1, 1, 1, 0, 0),
(174, '256501230024', 'จอมอนิเตอร์', 1, 1, 1, 1, 0, 0),
(175, '256501230025', 'จอมอนิเตอร์', 1, 1, 1, 1, 0, 0),
(176, '256501230026', 'จอมอนิเตอร์', 1, 1, 1, 1, 0, 0),
(177, '256501230027', 'จอมอนิเตอร์', 1, 1, 1, 1, 0, 0),
(178, '256501230028', 'จอมอนิเตอร์', 1, 1, 1, 1, 0, 0),
(179, '256501230029', 'จอมอนิเตอร์', 1, 1, 1, 1, 0, 0),
(180, '256501230030', 'จอมอนิเตอร์', 1, 1, 1, 1, 0, 0),
(181, '256501230031', 'จอมอนิเตอร์', 1, 1, 1, 1, 0, 0),
(182, '256501230032', 'จอมอนิเตอร์', 1, 1, 1, 1, 0, 0),
(183, '256501230033', 'จอมอนิเตอร์', 1, 1, 1, 1, 0, 0),
(184, '256501230034', 'จอมอนิเตอร์', 1, 1, 1, 1, 0, 0),
(185, '256501230035', 'จอมอนิเตอร์', 1, 1, 1, 1, 0, 0),
(186, '256501230036', 'จอมอนิเตอร์', 1, 1, 1, 1, 0, 0),
(187, '256501230037', 'จอมอนิเตอร์', 1, 1, 1, 1, 0, 0),
(188, '256501230038', 'จอมอนิเตอร์', 1, 1, 1, 1, 0, 0),
(189, '256501230039', 'จอมอนิเตอร์', 1, 1, 1, 1, 0, 0),
(190, '256501230040', 'จอมอนิเตอร์', 1, 1, 1, 1, 0, 0),
(191, '256501230041', 'จอมอนิเตอร์', 1, 1, 1, 1, 0, 0),
(192, '256501230042', 'จอมอนิเตอร์', 1, 1, 1, 1, 0, 0),
(193, '256501230043', 'จอมอนิเตอร์', 1, 1, 1, 1, 0, 0),
(194, '256501230044', 'จอมอนิเตอร์', 1, 1, 1, 1, 0, 0),
(195, '256501230045', 'จอมอนิเตอร์', 1, 1, 1, 1, 0, 0),
(196, '256501230046', 'จอมอนิเตอร์', 1, 1, 1, 1, 0, 0),
(197, '256501230047', 'จอมอนิเตอร์', 1, 1, 1, 1, 0, 0),
(198, '256501230048', 'จอมอนิเตอร์', 1, 1, 1, 1, 0, 0),
(199, '256501230049', 'จอมอนิเตอร์', 1, 1, 1, 1, 0, 0),
(200, '256501230050', 'จอมอนิเตอร์', 1, 1, 1, 1, 0, 0),
(201, '256501230051', 'จอมอนิเตอร์', 1, 1, 1, 1, 0, 0),
(202, '256501230052', 'จอมอนิเตอร์', 1, 1, 1, 1, 0, 0),
(203, '256501230053', 'จอมอนิเตอร์', 1, 1, 1, 1, 0, 0),
(204, '256501230054', 'จอมอนิเตอร์', 1, 1, 1, 1, 0, 0),
(205, '256501230055', 'จอมอนิเตอร์', 1, 1, 1, 1, 0, 0),
(206, '256501230056', 'จอมอนิเตอร์', 1, 1, 1, 1, 0, 0),
(207, '256501230057', 'จอมอนิเตอร์', 1, 1, 1, 1, 0, 0),
(208, '256501230058', 'จอมอนิเตอร์', 1, 1, 1, 1, 0, 0),
(209, '256501230059', 'จอมอนิเตอร์', 1, 1, 1, 1, 0, 0),
(210, '256501230060', 'จอมอนิเตอร์', 1, 1, 1, 1, 0, 0),
(211, '256501230061', 'จอมอนิเตอร์', 1, 1, 1, 1, 0, 0),
(212, '256501230062', 'จอมอนิเตอร์', 1, 1, 1, 1, 0, 0),
(213, '256501230063', 'จอมอนิเตอร์', 1, 1, 1, 1, 0, 0),
(214, '256501230064', 'จอมอนิเตอร์', 1, 1, 1, 1, 0, 0),
(215, '256501230065', 'จอมอนิเตอร์', 1, 1, 1, 1, 0, 0),
(216, '256501230066', 'จอมอนิเตอร์', 1, 1, 1, 1, 0, 0),
(217, '256501230067', 'จอมอนิเตอร์', 1, 1, 1, 1, 0, 0),
(218, '256501230068', 'จอมอนิเตอร์', 1, 1, 1, 1, 0, 0),
(219, '256501230069', 'จอมอนิเตอร์', 1, 1, 1, 1, 0, 0),
(220, '256501230070', 'จอมอนิเตอร์', 1, 1, 1, 1, 0, 0),
(221, '256501230071', 'จอมอนิเตอร์', 1, 1, 1, 1, 0, 0),
(222, '256501230072', 'จอมอนิเตอร์', 1, 1, 1, 1, 0, 0),
(223, '256501230073', 'จอมอนิเตอร์', 1, 1, 1, 1, 0, 0),
(224, '256501230074', 'จอมอนิเตอร์', 1, 1, 1, 1, 0, 0),
(225, '256501230075', 'จอมอนิเตอร์', 1, 1, 1, 1, 0, 0),
(226, '256501230076', 'จอมอนิเตอร์', 1, 1, 1, 1, 0, 0),
(227, '256501230077', 'จอมอนิเตอร์', 1, 1, 1, 1, 0, 0),
(228, '256501230078', 'จอมอนิเตอร์', 1, 1, 1, 1, 0, 0),
(229, '256501230079', 'จอมอนิเตอร์', 1, 1, 1, 1, 0, 0),
(230, '256501230080', 'จอมอนิเตอร์', 1, 1, 1, 1, 0, 0),
(231, '256501230081', 'จอมอนิเตอร์', 1, 1, 1, 1, 0, 0),
(232, '256501230082', 'จอมอนิเตอร์', 1, 1, 1, 1, 0, 0),
(233, '256501230083', 'จอมอนิเตอร์', 1, 1, 1, 1, 0, 0),
(234, '256501230084', 'จอมอนิเตอร์', 1, 1, 1, 1, 0, 0),
(235, '256501230085', 'จอมอนิเตอร์', 1, 1, 1, 1, 0, 0),
(236, '256501230086', 'จอมอนิเตอร์', 1, 1, 1, 1, 0, 0),
(237, '256501230087', 'จอมอนิเตอร์', 1, 1, 1, 1, 0, 0),
(238, '256501230088', 'จอมอนิเตอร์', 1, 1, 1, 1, 0, 0),
(239, '256501230089', 'จอมอนิเตอร์', 1, 1, 1, 1, 0, 0),
(240, '256501230090', 'จอมอนิเตอร์', 1, 1, 1, 1, 0, 0),
(241, '256501230091', 'จอมอนิเตอร์', 1, 1, 1, 1, 0, 0),
(242, '256501230092', 'จอมอนิเตอร์', 1, 1, 1, 1, 0, 0),
(243, '256501230093', 'จอมอนิเตอร์', 1, 1, 1, 1, 0, 0),
(244, '256501230094', 'จอมอนิเตอร์', 1, 1, 1, 1, 0, 0),
(245, '256501230095', 'จอมอนิเตอร์', 1, 1, 1, 1, 0, 0),
(246, '256501230096', 'จอมอนิเตอร์', 1, 1, 1, 1, 0, 0),
(247, '256501230097', 'จอมอนิเตอร์', 1, 1, 1, 1, 0, 0),
(248, '256501230098', 'จอมอนิเตอร์', 1, 1, 1, 1, 0, 0),
(249, '256501230099', 'จอมอนิเตอร์', 1, 1, 1, 1, 0, 0),
(250, '256501230100', 'จอมอนิเตอร์', 1, 1, 1, 1, 0, 0),
(251, '202005120001', 'เมาส์', 1, 1, 1, 1, 1, 0),
(252, '202005120002', 'เมาส์', 1, 1, 1, 1, 0, 0),
(253, '202005120003', 'เมาส์', 1, 1, 1, 1, 0, 0),
(254, '202005120004', 'เมาส์', 1, 1, 1, 1, 0, 0),
(255, '202005120005', 'เมาส์', 1, 1, 1, 1, 0, 0),
(256, '202005120006', 'เมาส์', 1, 1, 1, 1, 0, 0),
(257, '202005120007', 'เมาส์', 1, 1, 1, 1, 0, 0),
(258, '202005120008', 'เมาส์', 1, 1, 1, 1, 0, 0),
(259, '202005120009', 'เมาส์', 1, 1, 1, 1, 0, 0),
(260, '202005120010', 'เมาส์', 1, 1, 1, 1, 0, 0),
(261, '202005120011', 'เมาส์', 1, 1, 1, 1, 0, 0),
(262, '202005120012', 'เมาส์', 1, 1, 1, 1, 0, 0),
(263, '202005120013', 'เมาส์', 1, 1, 1, 1, 0, 0),
(264, '202005120014', 'เมาส์', 1, 1, 1, 1, 0, 0),
(265, '202005120015', 'เมาส์', 1, 1, 1, 1, 0, 0),
(266, '202005120016', 'เมาส์', 1, 1, 1, 1, 0, 0),
(267, '202005120017', 'เมาส์', 1, 1, 1, 1, 0, 0),
(268, '202005120018', 'เมาส์', 1, 1, 1, 1, 0, 0),
(269, '202005120019', 'เมาส์', 1, 1, 1, 1, 0, 0),
(270, '202005120020', 'เมาส์', 1, 1, 1, 1, 0, 0),
(271, '202005120021', 'เมาส์', 1, 1, 1, 1, 0, 0),
(272, '202005120022', 'เมาส์', 1, 1, 1, 1, 0, 0),
(273, '202005120023', 'เมาส์', 1, 1, 1, 1, 0, 0),
(274, '202005120024', 'เมาส์', 1, 1, 1, 1, 0, 0),
(275, '202005120025', 'เมาส์', 1, 1, 1, 1, 0, 0),
(276, '202005120026', 'เมาส์', 1, 1, 1, 1, 0, 0),
(277, '202005120027', 'เมาส์', 1, 1, 1, 1, 0, 0),
(278, '202005120028', 'เมาส์', 1, 1, 1, 1, 0, 0),
(279, '202005120029', 'เมาส์', 1, 1, 1, 1, 0, 0),
(280, '202005120030', 'เมาส์', 1, 1, 1, 1, 0, 0),
(281, '202005120031', 'เมาส์', 1, 1, 1, 1, 0, 0),
(282, '202005120032', 'เมาส์', 1, 1, 1, 1, 0, 0),
(283, '202005120033', 'เมาส์', 1, 1, 1, 1, 0, 0),
(284, '202005120034', 'เมาส์', 1, 1, 1, 1, 0, 0),
(285, '202005120035', 'เมาส์', 1, 1, 1, 1, 0, 0),
(286, '202005120036', 'เมาส์', 1, 1, 1, 1, 0, 0),
(287, '202005120037', 'เมาส์', 1, 1, 1, 1, 0, 0),
(288, '202005120038', 'เมาส์', 1, 1, 1, 1, 0, 0),
(289, '202005120039', 'เมาส์', 1, 1, 1, 1, 0, 0),
(290, '202005120040', 'เมาส์', 1, 1, 1, 1, 0, 0),
(291, '202005120041', 'เมาส์', 1, 1, 1, 1, 0, 0),
(292, '202005120042', 'เมาส์', 1, 1, 1, 1, 0, 0),
(293, '202005120043', 'เมาส์', 1, 1, 1, 1, 0, 0),
(294, '202005120044', 'เมาส์', 1, 1, 1, 1, 0, 0),
(295, '202005120045', 'เมาส์', 1, 1, 1, 1, 0, 0),
(296, '202005120046', 'เมาส์', 1, 1, 1, 1, 0, 0),
(297, '202005120047', 'เมาส์', 1, 1, 1, 1, 0, 0),
(298, '202005120048', 'เมาส์', 1, 1, 1, 1, 0, 0),
(299, '202005120049', 'เมาส์', 1, 1, 1, 1, 0, 0),
(300, '202005120050', 'เมาส์', 1, 1, 1, 1, 0, 0),
(301, '202005120051', 'เมาส์', 1, 1, 1, 1, 0, 0),
(302, '202005120052', 'เมาส์', 1, 1, 1, 1, 0, 0),
(303, '202005120053', 'เมาส์', 1, 1, 1, 1, 0, 0),
(304, '202005120054', 'เมาส์', 1, 1, 1, 1, 0, 0),
(305, '202005120055', 'เมาส์', 1, 1, 1, 1, 0, 0),
(306, '202005120056', 'เมาส์', 1, 1, 1, 1, 0, 0),
(307, '202005120057', 'เมาส์', 1, 1, 1, 1, 0, 0),
(308, '202005120058', 'เมาส์', 1, 1, 1, 1, 0, 0),
(309, '202005120059', 'เมาส์', 1, 1, 1, 1, 0, 0),
(310, '202005120060', 'เมาส์', 1, 1, 1, 1, 0, 0),
(311, '202005120061', 'เมาส์', 1, 1, 1, 1, 0, 0),
(312, '202005120062', 'เมาส์', 1, 1, 1, 1, 0, 0),
(313, '202005120063', 'เมาส์', 1, 1, 1, 1, 0, 0),
(314, '202005120064', 'เมาส์', 1, 1, 1, 1, 0, 0),
(315, '202005120065', 'เมาส์', 1, 1, 1, 1, 0, 0),
(316, '202005120066', 'เมาส์', 1, 1, 1, 1, 0, 0),
(317, '202005120067', 'เมาส์', 1, 1, 1, 1, 0, 0),
(318, '202005120068', 'เมาส์', 1, 1, 1, 1, 0, 0),
(319, '202005120069', 'เมาส์', 1, 1, 1, 1, 0, 0),
(320, '202005120070', 'เมาส์', 1, 1, 1, 1, 0, 0),
(321, '202005120071', 'เมาส์', 1, 1, 1, 1, 0, 0),
(322, '202005120072', 'เมาส์', 1, 1, 1, 1, 0, 0),
(323, '202005120073', 'เมาส์', 1, 1, 1, 1, 0, 0),
(324, '202005120074', 'เมาส์', 1, 1, 1, 1, 0, 0),
(325, '202005120075', 'เมาส์', 1, 1, 1, 1, 0, 0),
(326, '202005120076', 'เมาส์', 1, 1, 1, 1, 0, 0),
(327, '202005120077', 'เมาส์', 1, 1, 1, 1, 0, 0),
(328, '202005120078', 'เมาส์', 1, 1, 1, 1, 0, 0),
(329, '202005120079', 'เมาส์', 1, 1, 1, 1, 0, 0),
(330, '202005120080', 'เมาส์', 1, 1, 1, 1, 0, 0),
(331, '202005120081', 'เมาส์', 1, 1, 1, 1, 0, 0),
(332, '202005120082', 'เมาส์', 1, 1, 1, 1, 0, 0),
(333, '202005120083', 'เมาส์', 1, 1, 1, 1, 0, 0),
(334, '202005120084', 'เมาส์', 1, 1, 1, 1, 0, 0),
(335, '202005120085', 'เมาส์', 1, 1, 1, 1, 0, 0),
(336, '202005120086', 'เมาส์', 1, 1, 1, 1, 0, 0),
(337, '202005120087', 'เมาส์', 1, 1, 1, 1, 0, 0),
(338, '202005120088', 'เมาส์', 1, 1, 1, 1, 0, 0),
(339, '202005120089', 'เมาส์', 1, 1, 1, 1, 0, 0),
(340, '202005120090', 'เมาส์', 1, 1, 1, 1, 0, 0),
(341, '202005120091', 'เมาส์', 1, 1, 1, 1, 0, 0),
(342, '202005120092', 'เมาส์', 1, 1, 1, 1, 0, 0),
(343, '202005120093', 'เมาส์', 1, 1, 1, 1, 0, 0),
(344, '202005120094', 'เมาส์', 1, 1, 1, 1, 0, 0),
(345, '202005120095', 'เมาส์', 1, 1, 1, 1, 0, 0),
(346, '202005120096', 'เมาส์', 1, 1, 1, 1, 0, 0),
(347, '202005120097', 'เมาส์', 1, 1, 1, 1, 0, 0),
(348, '202005120098', 'เมาส์', 1, 1, 1, 1, 0, 0),
(349, '202005120099', 'เมาส์', 1, 1, 1, 1, 0, 0),
(350, '202005120100', 'เมาส์', 1, 1, 1, 1, 0, 0),
(351, '2554128540001', 'คีย์บอร์ด', 1, 1, 1, 1, 1, 0),
(352, '2554128540002', 'คีย์บอร์ด', 1, 1, 1, 1, 0, 0),
(353, '2554128540003', 'คีย์บอร์ด', 1, 1, 1, 1, 0, 0),
(354, '2554128540004', 'คีย์บอร์ด', 1, 1, 1, 1, 0, 0),
(355, '2554128540005', 'คีย์บอร์ด', 1, 1, 1, 1, 0, 0),
(356, '2554128540006', 'คีย์บอร์ด', 1, 1, 1, 1, 0, 0),
(357, '2554128540007', 'คีย์บอร์ด', 1, 1, 1, 1, 0, 0),
(358, '2554128540008', 'คีย์บอร์ด', 1, 1, 1, 1, 0, 0),
(359, '2554128540009', 'คีย์บอร์ด', 1, 1, 1, 1, 0, 0),
(360, '2554128540010', 'คีย์บอร์ด', 1, 1, 1, 1, 0, 0),
(361, '2554128540011', 'คีย์บอร์ด', 1, 1, 1, 1, 0, 0),
(362, '2554128540012', 'คีย์บอร์ด', 1, 1, 1, 1, 0, 0),
(363, '2554128540013', 'คีย์บอร์ด', 1, 1, 1, 1, 0, 0),
(364, '2554128540014', 'คีย์บอร์ด', 1, 1, 1, 1, 0, 0),
(365, '2554128540015', 'คีย์บอร์ด', 1, 1, 1, 1, 0, 0),
(366, '2554128540016', 'คีย์บอร์ด', 1, 1, 1, 1, 0, 0),
(367, '2554128540017', 'คีย์บอร์ด', 1, 1, 1, 1, 0, 0),
(368, '2554128540018', 'คีย์บอร์ด', 1, 1, 1, 1, 0, 0),
(369, '2554128540019', 'คีย์บอร์ด', 1, 1, 1, 1, 0, 0),
(370, '2554128540020', 'คีย์บอร์ด', 1, 1, 1, 1, 0, 0),
(371, '2554128540021', 'คีย์บอร์ด', 1, 1, 1, 1, 0, 0),
(372, '2554128540022', 'คีย์บอร์ด', 1, 1, 1, 1, 0, 0),
(373, '2554128540023', 'คีย์บอร์ด', 1, 1, 1, 1, 0, 0),
(374, '2554128540024', 'คีย์บอร์ด', 1, 1, 1, 1, 0, 0),
(375, '2554128540025', 'คีย์บอร์ด', 1, 1, 1, 1, 0, 0),
(376, '2554128540026', 'คีย์บอร์ด', 1, 1, 1, 1, 0, 0),
(377, '2554128540027', 'คีย์บอร์ด', 1, 1, 1, 1, 0, 0),
(378, '2554128540028', 'คีย์บอร์ด', 1, 1, 1, 1, 0, 0),
(379, '2554128540029', 'คีย์บอร์ด', 1, 1, 1, 1, 0, 0),
(380, '2554128540030', 'คีย์บอร์ด', 1, 1, 1, 1, 0, 0),
(381, '2554128540031', 'คีย์บอร์ด', 1, 1, 1, 1, 0, 0),
(382, '2554128540032', 'คีย์บอร์ด', 1, 1, 1, 1, 0, 0),
(383, '2554128540033', 'คีย์บอร์ด', 1, 1, 1, 1, 0, 0),
(384, '2554128540034', 'คีย์บอร์ด', 1, 1, 1, 1, 0, 0),
(385, '2554128540035', 'คีย์บอร์ด', 1, 1, 1, 1, 0, 0),
(386, '2554128540036', 'คีย์บอร์ด', 1, 1, 1, 1, 0, 0),
(387, '2554128540037', 'คีย์บอร์ด', 1, 1, 1, 1, 0, 0),
(388, '2554128540038', 'คีย์บอร์ด', 1, 1, 1, 1, 0, 0),
(389, '2554128540039', 'คีย์บอร์ด', 1, 1, 1, 1, 0, 0),
(390, '2554128540040', 'คีย์บอร์ด', 1, 1, 1, 1, 0, 0),
(391, '2554128540041', 'คีย์บอร์ด', 1, 1, 1, 1, 0, 0),
(392, '2554128540042', 'คีย์บอร์ด', 1, 1, 1, 1, 0, 0),
(393, '2554128540043', 'คีย์บอร์ด', 1, 1, 1, 1, 0, 0),
(394, '2554128540044', 'คีย์บอร์ด', 1, 1, 1, 1, 0, 0),
(395, '2554128540045', 'คีย์บอร์ด', 1, 1, 1, 1, 0, 0),
(396, '2554128540046', 'คีย์บอร์ด', 1, 1, 1, 1, 0, 0),
(397, '2554128540047', 'คีย์บอร์ด', 1, 1, 1, 1, 0, 0),
(398, '2554128540048', 'คีย์บอร์ด', 1, 1, 1, 1, 0, 0),
(399, '2554128540049', 'คีย์บอร์ด', 1, 1, 1, 1, 0, 0),
(400, '2554128540050', 'คีย์บอร์ด', 1, 1, 1, 1, 0, 0),
(401, '2554128540051', 'คีย์บอร์ด', 1, 1, 1, 1, 0, 0),
(402, '2554128540052', 'คีย์บอร์ด', 1, 1, 1, 1, 0, 0),
(403, '2554128540053', 'คีย์บอร์ด', 1, 1, 1, 1, 0, 0),
(404, '2554128540054', 'คีย์บอร์ด', 1, 1, 1, 1, 0, 0),
(405, '2554128540055', 'คีย์บอร์ด', 1, 1, 1, 1, 0, 0),
(406, '2554128540056', 'คีย์บอร์ด', 1, 1, 1, 1, 0, 0),
(407, '2554128540057', 'คีย์บอร์ด', 1, 1, 1, 1, 0, 0),
(408, '2554128540058', 'คีย์บอร์ด', 1, 1, 1, 1, 0, 0),
(409, '2554128540059', 'คีย์บอร์ด', 1, 1, 1, 1, 0, 0),
(410, '2554128540060', 'คีย์บอร์ด', 1, 1, 1, 1, 0, 0),
(411, '2554128540061', 'คีย์บอร์ด', 1, 1, 1, 1, 0, 0),
(412, '2554128540062', 'คีย์บอร์ด', 1, 1, 1, 1, 0, 0),
(413, '2554128540063', 'คีย์บอร์ด', 1, 1, 1, 1, 0, 0),
(414, '2554128540064', 'คีย์บอร์ด', 1, 1, 1, 1, 0, 0),
(415, '2554128540065', 'คีย์บอร์ด', 1, 1, 1, 1, 0, 0),
(416, '2554128540066', 'คีย์บอร์ด', 1, 1, 1, 1, 0, 0),
(417, '2554128540067', 'คีย์บอร์ด', 1, 1, 1, 1, 0, 0),
(418, '2554128540068', 'คีย์บอร์ด', 1, 1, 1, 1, 0, 0),
(419, '2554128540069', 'คีย์บอร์ด', 1, 1, 1, 1, 0, 0),
(420, '2554128540070', 'คีย์บอร์ด', 1, 1, 1, 1, 0, 0),
(421, '2554128540071', 'คีย์บอร์ด', 1, 1, 1, 1, 0, 0),
(422, '2554128540072', 'คีย์บอร์ด', 1, 1, 1, 1, 0, 0),
(423, '2554128540073', 'คีย์บอร์ด', 1, 1, 1, 1, 0, 0),
(424, '2554128540074', 'คีย์บอร์ด', 1, 1, 1, 1, 0, 0),
(425, '2554128540075', 'คีย์บอร์ด', 1, 1, 1, 1, 0, 0),
(426, '2554128540076', 'คีย์บอร์ด', 1, 1, 1, 1, 0, 0),
(427, '2554128540077', 'คีย์บอร์ด', 1, 1, 1, 1, 0, 0),
(428, '2554128540078', 'คีย์บอร์ด', 1, 1, 1, 1, 0, 0),
(429, '2554128540079', 'คีย์บอร์ด', 1, 1, 1, 1, 0, 0),
(430, '2554128540080', 'คีย์บอร์ด', 1, 1, 1, 1, 0, 0),
(431, '2554128540081', 'คีย์บอร์ด', 1, 1, 1, 1, 0, 0),
(432, '2554128540082', 'คีย์บอร์ด', 1, 1, 1, 1, 0, 0),
(433, '2554128540083', 'คีย์บอร์ด', 1, 1, 1, 1, 0, 0),
(434, '2554128540084', 'คีย์บอร์ด', 1, 1, 1, 1, 0, 0),
(435, '2554128540085', 'คีย์บอร์ด', 1, 1, 1, 1, 0, 0),
(436, '2554128540086', 'คีย์บอร์ด', 1, 1, 1, 1, 0, 0),
(437, '2554128540087', 'คีย์บอร์ด', 1, 1, 1, 1, 0, 0),
(438, '2554128540088', 'คีย์บอร์ด', 1, 1, 1, 1, 0, 0),
(439, '2554128540089', 'คีย์บอร์ด', 1, 1, 1, 1, 0, 0),
(440, '2554128540090', 'คีย์บอร์ด', 1, 1, 1, 1, 0, 0),
(441, '2554128540091', 'คีย์บอร์ด', 1, 1, 1, 1, 0, 0),
(442, '2554128540092', 'คีย์บอร์ด', 1, 1, 1, 1, 0, 0),
(443, '2554128540093', 'คีย์บอร์ด', 1, 1, 1, 1, 0, 0),
(444, '2554128540094', 'คีย์บอร์ด', 1, 1, 1, 1, 0, 0),
(445, '2554128540095', 'คีย์บอร์ด', 1, 1, 1, 1, 0, 0),
(446, '2554128540096', 'คีย์บอร์ด', 1, 1, 1, 1, 0, 0),
(447, '2554128540097', 'คีย์บอร์ด', 1, 1, 1, 1, 0, 0),
(448, '2554128540098', 'คีย์บอร์ด', 1, 1, 1, 1, 0, 0),
(449, '2554128540099', 'คีย์บอร์ด', 1, 1, 1, 1, 0, 0),
(450, '2554128540100', 'คีย์บอร์ด', 1, 1, 1, 1, 0, 0);

-- --------------------------------------------------------

--
-- Table structure for table `repair`
--

CREATE TABLE `repair` (
  `Id` int(11) NOT NULL,
  `ownerRoom_Id` int(2) NOT NULL,
  `rp_details` varchar(500) NOT NULL,
  `rp_img` varchar(255) NOT NULL,
  `ownerRoom_notify_date` datetime NOT NULL,
  `rp_status` int(2) NOT NULL,
  `inventory_Id` int(11) NOT NULL,
  `computer_Id` int(11) NOT NULL,
  `admin_Id` int(11) DEFAULT NULL,
  `technician_Id` int(11) DEFAULT NULL,
  `admin_operates_date` datetime DEFAULT NULL,
  `technician_operates_date` datetime DEFAULT NULL,
  `description_job` varchar(500) DEFAULT NULL,
  `technicial_rp_img` varchar(50) DEFAULT NULL,
  `rp_date_success` datetime DEFAULT NULL
) ENGINE=InnoDB DEFAULT CHARSET=utf8;

--
-- Dumping data for table `repair`
--

INSERT INTO `repair` (`Id`, `ownerRoom_Id`, `rp_details`, `rp_img`, `ownerRoom_notify_date`, `rp_status`, `inventory_Id`, `computer_Id`, `admin_Id`, `technician_Id`, `admin_operates_date`, `technician_operates_date`, `description_job`, `technicial_rp_img`, `rp_date_success`) VALUES
(13, 9, '********', '/repair-system/repair/imgs/a393082cca7f6dc8784865a3b7459cfe.jpg', '2022-11-27 20:14:12', 4, 151, 71, NULL, NULL, NULL, NULL, NULL, NULL, NULL),
(14, 9, '123456', '/repair-system/repair/imgs/5b8b4a9d4694c9ab0c00f8f1acb63007.png', '2022-11-27 20:25:03', 2, 251, 71, 8, 11, '2022-11-27 21:16:04', NULL, NULL, NULL, NULL),
(15, 9, '123456', '/repair-system/repair/imgs/cbf0804297ac377bae869fd06eb3d00b.jpg', '2022-11-27 21:39:41', 4, 151, 71, NULL, NULL, NULL, NULL, NULL, NULL, NULL),
(16, 9, '123456', '/repair-system/repair/imgs/7be4cb21b1f872d06400fb2f383dac72.jpg', '2022-11-27 22:06:03', 4, 151, 71, NULL, NULL, NULL, NULL, NULL, NULL, NULL),
(17, 9, '123456', '/repair-system/repair/imgs/0c1ed2a0f22dc328067297fc00ec8aed.jpg', '2022-11-27 22:24:09', 4, 151, 71, NULL, NULL, NULL, NULL, NULL, NULL, NULL),
(18, 9, '789456123', '/repair-system/repair/imgs/fa1dc2ea953c829c942f4340cec2b1aa.jpg', '2022-11-28 07:56:29', 2, 151, 71, 8, 10, '2022-11-28 07:57:15', NULL, NULL, NULL, NULL);

-- --------------------------------------------------------

--
-- Table structure for table `role`
--

CREATE TABLE `role` (
  `Id` int(11) NOT NULL,
  `title` varchar(50) NOT NULL
) ENGINE=InnoDB DEFAULT CHARSET=utf8;

--
-- Dumping data for table `role`
--

INSERT INTO `role` (`Id`, `title`) VALUES
(1, 'Admin'),
(2, 'Technician'),
(3, 'ClassroomOwner');

-- --------------------------------------------------------

--
-- Table structure for table `room`
--

CREATE TABLE `room` (
  `Id` int(11) NOT NULL,
  `build` varchar(50) NOT NULL,
  `floor` varchar(2) NOT NULL,
  `name` varchar(8) NOT NULL,
  `status` int(2) NOT NULL
) ENGINE=InnoDB DEFAULT CHARSET=utf8;

--
-- Dumping data for table `room`
--

INSERT INTO `room` (`Id`, `build`, `floor`, `name`, `status`) VALUES
(81, '1', '1', '1101', 1),
(82, '1', '1', '1102', 0),
(83, '1', '1', '1103', 0),
(84, '1', '1', '1104', 0),
(85, '1', '1', '1105', 0),
(86, '1', '1', '1106', 0),
(87, '1', '1', '1107', 0),
(88, '1', '1', '1108', 0),
(89, '1', '1', '1109', 0),
(90, '1', '1', '1110', 0),
(91, '1', '1', '1111', 0),
(92, '1', '1', '1112', 0),
(93, '1', '1', '1113', 0),
(94, '1', '1', '1114', 0),
(95, '1', '1', '1115', 0),
(96, '1', '2', '1201', 0),
(97, '1', '2', '1202', 0),
(98, '1', '2', '1203', 0),
(99, '1', '2', '1204', 0),
(100, '1', '2', '1205', 0),
(101, '1', '2', '1206', 0),
(102, '1', '2', '1207', 0),
(103, '1', '2', '1208', 0),
(104, '1', '2', '1209', 0),
(105, '1', '2', '1210', 0),
(106, '1', '2', '1211', 0),
(107, '1', '2', '1212', 0),
(108, '1', '2', '1213', 0),
(109, '1', '2', '1214', 0),
(110, '1', '2', '1215', 0),
(111, '1', '3', '1301', 0),
(112, '1', '3', '1302', 0),
(113, '1', '3', '1303', 0),
(114, '1', '3', '1304', 0),
(115, '1', '3', '1305', 0),
(116, '1', '3', '1306', 0),
(117, '1', '3', '1307', 0),
(118, '1', '3', '1308', 0),
(119, '1', '3', '1309', 0),
(120, '1', '3', '1310', 0),
(121, '1', '3', '1311', 0),
(122, '1', '3', '1312', 0),
(123, '1', '3', '1313', 0),
(124, '1', '3', '1314', 0),
(125, '1', '3', '1315', 0);

-- --------------------------------------------------------

--
-- Table structure for table `type`
--

CREATE TABLE `type` (
  `Id` int(11) NOT NULL,
  `title` varchar(50) NOT NULL
) ENGINE=InnoDB DEFAULT CHARSET=utf8;

--
-- Dumping data for table `type`
--

INSERT INTO `type` (`Id`, `title`) VALUES
(1, 'คอมพิวเตอร์');

-- --------------------------------------------------------

--
-- Table structure for table `unit`
--

CREATE TABLE `unit` (
  `Id` int(11) NOT NULL,
  `title` varchar(50) NOT NULL
) ENGINE=InnoDB DEFAULT CHARSET=utf8;

--
-- Dumping data for table `unit`
--

INSERT INTO `unit` (`Id`, `title`) VALUES
(1, 'เครื่อง');

--
-- Indexes for dumped tables
--

--
-- Indexes for table `account`
--
ALTER TABLE `account`
  ADD PRIMARY KEY (`Id`);

--
-- Indexes for table `brand`
--
ALTER TABLE `brand`
  ADD PRIMARY KEY (`Id`);

--
-- Indexes for table `category`
--
ALTER TABLE `category`
  ADD PRIMARY KEY (`Id`);

--
-- Indexes for table `class_room_owner`
--
ALTER TABLE `class_room_owner`
  ADD PRIMARY KEY (`Id`);

--
-- Indexes for table `computer`
--
ALTER TABLE `computer`
  ADD PRIMARY KEY (`Id`);

--
-- Indexes for table `conect_inventory_computer`
--
ALTER TABLE `conect_inventory_computer`
  ADD PRIMARY KEY (`Id`);

--
-- Indexes for table `department`
--
ALTER TABLE `department`
  ADD PRIMARY KEY (`Id`);

--
-- Indexes for table `inventory`
--
ALTER TABLE `inventory`
  ADD PRIMARY KEY (`Id`);

--
-- Indexes for table `repair`
--
ALTER TABLE `repair`
  ADD PRIMARY KEY (`Id`);

--
-- Indexes for table `role`
--
ALTER TABLE `role`
  ADD PRIMARY KEY (`Id`);

--
-- Indexes for table `room`
--
ALTER TABLE `room`
  ADD PRIMARY KEY (`Id`);

--
-- Indexes for table `type`
--
ALTER TABLE `type`
  ADD PRIMARY KEY (`Id`);

--
-- Indexes for table `unit`
--
ALTER TABLE `unit`
  ADD PRIMARY KEY (`Id`);

--
-- AUTO_INCREMENT for dumped tables
--

--
-- AUTO_INCREMENT for table `account`
--
ALTER TABLE `account`
  MODIFY `Id` int(11) NOT NULL AUTO_INCREMENT, AUTO_INCREMENT=12;

--
-- AUTO_INCREMENT for table `brand`
--
ALTER TABLE `brand`
  MODIFY `Id` int(11) NOT NULL AUTO_INCREMENT, AUTO_INCREMENT=2;

--
-- AUTO_INCREMENT for table `category`
--
ALTER TABLE `category`
  MODIFY `Id` int(11) NOT NULL AUTO_INCREMENT, AUTO_INCREMENT=3;

--
-- AUTO_INCREMENT for table `class_room_owner`
--
ALTER TABLE `class_room_owner`
  MODIFY `Id` int(11) NOT NULL AUTO_INCREMENT, AUTO_INCREMENT=8;

--
-- AUTO_INCREMENT for table `computer`
--
ALTER TABLE `computer`
  MODIFY `Id` int(11) NOT NULL AUTO_INCREMENT, AUTO_INCREMENT=121;

--
-- AUTO_INCREMENT for table `conect_inventory_computer`
--
ALTER TABLE `conect_inventory_computer`
  MODIFY `Id` int(11) NOT NULL AUTO_INCREMENT, AUTO_INCREMENT=13;

--
-- AUTO_INCREMENT for table `department`
--
ALTER TABLE `department`
  MODIFY `Id` int(11) NOT NULL AUTO_INCREMENT, AUTO_INCREMENT=5;

--
-- AUTO_INCREMENT for table `inventory`
--
ALTER TABLE `inventory`
  MODIFY `Id` int(11) NOT NULL AUTO_INCREMENT, AUTO_INCREMENT=451;

--
-- AUTO_INCREMENT for table `repair`
--
ALTER TABLE `repair`
  MODIFY `Id` int(11) NOT NULL AUTO_INCREMENT, AUTO_INCREMENT=19;

--
-- AUTO_INCREMENT for table `role`
--
ALTER TABLE `role`
  MODIFY `Id` int(11) NOT NULL AUTO_INCREMENT, AUTO_INCREMENT=7;

--
-- AUTO_INCREMENT for table `room`
--
ALTER TABLE `room`
  MODIFY `Id` int(11) NOT NULL AUTO_INCREMENT, AUTO_INCREMENT=126;

--
-- AUTO_INCREMENT for table `type`
--
ALTER TABLE `type`
  MODIFY `Id` int(11) NOT NULL AUTO_INCREMENT, AUTO_INCREMENT=2;

--
-- AUTO_INCREMENT for table `unit`
--
ALTER TABLE `unit`
  MODIFY `Id` int(11) NOT NULL AUTO_INCREMENT, AUTO_INCREMENT=2;
COMMIT;

/*!40101 SET CHARACTER_SET_CLIENT=@OLD_CHARACTER_SET_CLIENT */;
/*!40101 SET CHARACTER_SET_RESULTS=@OLD_CHARACTER_SET_RESULTS */;
/*!40101 SET COLLATION_CONNECTION=@OLD_COLLATION_CONNECTION */;
